"_id","_index","_score","_type",aggType,appId,appName,beginDate,endDate,frequency,"source.errcode","source.errmsg","source.list","source.ref_date"
"OgOGSG4BeE64fHRseA-i","wechat_aggregate",,wx,VISITDISTRIBUTION,wxf2853b97771b5d0a,"miniapp-feili","November 7th 2019, 08:00:00.000","November 7th 2019, 08:00:00.000",DAILY,,,"[{""index"":""access_source_session_cnt"",""item_list"":[{""key"":29,""value"":21},{""key"":18,""value"":6},{""key"":13,""value"":211},{""key"":36,""value"":3},{""key"":10,""value"":28},{""key"":3,""value"":42},{""key"":2,""value"":13},{""key"":23,""value"":4},{""key"":1,""value"":6}]},{""index"":""access_source_visit_uv"",""item_list"":[{""key"":29,""value"":9},{""key"":18,""value"":6},{""key"":13,""value"":205},{""key"":36,""value"":2},{""key"":10,""value"":27},{""key"":3,""value"":15},{""key"":2,""value"":8},{""key"":23,""value"":3},{""key"":1,""value"":5}]},{""index"":""access_staytime_info"",""item_list"":[{""key"":8,""value"":15},{""key"":7,""value"":27},{""key"":6,""value"":20},{""key"":5,""value"":10},{""key"":4,""value"":44},{""key"":3,""value"":88},{""key"":2,""value"":104},{""key"":1,""value"":26}]},{""index"":""access_depth_info"",""item_list"":[{""key"":7,""value"":2},{""key"":6,""value"":43},{""key"":5,""value"":2},{""key"":4,""value"":5},{""key"":3,""value"":17},{""key"":2,""value"":82},{""key"":1,""value"":183}]}]",20191107
IJdgQ24B3eSeydakJ69V,"wechat_aggregate",,wx,VISITDISTRIBUTION,wxf2853b97771b5d0a,"miniapp-feili","November 6th 2019, 08:00:00.000","November 6th 2019, 08:00:00.000",DAILY,"-1","system error hint: [h1Fl6a04051487]",,
"VOE5Pm4BZTV-KAdyx_8z","wechat_aggregate",,wx,VISITDISTRIBUTION,wxf2853b97771b5d0a,"miniapp-feili","November 5th 2019, 08:00:00.000","November 5th 2019, 08:00:00.000",DAILY,"-1","system error hint: [uvy5za00041504]",,
"YcMTOW4BIw_XuURManTJ","wechat_aggregate",,wx,VISITDISTRIBUTION,wxf2853b97771b5d0a,"miniapp-feili","November 4th 2019, 08:00:00.000","November 4th 2019, 08:00:00.000",DAILY,,,"[{""index"":""access_source_session_cnt"",""item_list"":[{""key"":29,""value"":5},{""key"":18,""value"":7},{""key"":13,""value"":233},{""key"":36,""value"":1},{""key"":10,""value"":27},{""key"":3,""value"":3},{""key"":2,""value"":3},{""key"":23,""value"":1},{""key"":1,""value"":2}]},{""index"":""access_source_visit_uv"",""item_list"":[{""key"":29,""value"":5},{""key"":18,""value"":7},{""key"":13,""value"":226},{""key"":36,""value"":1},{""key"":10,""value"":27},{""key"":3,""value"":3},{""key"":2,""value"":2},{""key"":23,""value"":1},{""key"":1,""value"":1}]},{""index"":""access_staytime_info"",""item_list"":[{""key"":8,""value"":5},{""key"":7,""value"":8},{""key"":6,""value"":15},{""key"":5,""value"":12},{""key"":4,""value"":31},{""key"":3,""value"":74},{""key"":2,""value"":113},{""key"":1,""value"":24}]},{""index"":""access_depth_info"",""item_list"":[{""key"":6,""value"":18},{""key"":5,""value"":1},{""key"":4,""value"":3},{""key"":3,""value"":21},{""key"":2,""value"":70},{""key"":1,""value"":169}]}]",20191104
"CpXtM24BIw_XuURMEftP","wechat_aggregate",,wx,VISITDISTRIBUTION,wxf2853b97771b5d0a,"miniapp-feili","November 3rd 2019, 08:00:00.000","November 3rd 2019, 08:00:00.000",DAILY,,,"[{""index"":""access_source_session_cnt"",""item_list"":[{""key"":29,""value"":3},{""key"":22,""value"":1},{""key"":18,""value"":16},{""key"":13,""value"":282},{""key"":36,""value"":1},{""key"":10,""value"":37},{""key"":3,""value"":18},{""key"":1,""value"":1},{""key"":29,""value"":3},{""key"":22,""value"":1},{""key"":18,""value"":16},{""key"":13,""value"":282},{""key"":36,""value"":1},{""key"":10,""value"":37},{""key"":3,""value"":18},{""key"":1,""value"":1}]},{""index"":""access_source_visit_uv"",""item_list"":[{""key"":29,""value"":3},{""key"":22,""value"":1},{""key"":18,""value"":14},{""key"":13,""value"":276},{""key"":36,""value"":1},{""key"":10,""value"":37},{""key"":3,""value"":4},{""key"":1,""value"":1},{""key"":29,""value"":3},{""key"":22,""value"":1},{""key"":18,""value"":14},{""key"":13,""value"":276},{""key"":36,""value"":1},{""key"":10,""value"":37},{""key"":3,""value"":4},{""key"":1,""value"":1}]},{""index"":""access_staytime_info"",""item_list"":[{""key"":8,""value"":5},{""key"":7,""value"":19},{""key"":6,""value"":21},{""key"":5,""value"":17},{""key"":4,""value"":39},{""key"":3,""value"":91},{""key"":2,""value"":123},{""key"":1,""value"":44},{""key"":8,""value"":5},{""key"":7,""value"":19},{""key"":6,""value"":21},{""key"":5,""value"":17},{""key"":4,""value"":39},{""key"":3,""value"":91},{""key"":2,""value"":123},{""key"":1,""value"":44}]},{""index"":""access_depth_info"",""item_list"":[{""key"":6,""value"":24},{""key"":5,""value"":4},{""key"":4,""value"":2},{""key"":3,""value"":18},{""key"":2,""value"":77},{""key"":1,""value"":234}]}]",20191103
XEHGLm4BuyEw7tbzrT9m,"wechat_aggregate",,wx,VISITDISTRIBUTION,wxf2853b97771b5d0a,"miniapp-feili","November 2nd 2019, 08:00:00.000","November 2nd 2019, 08:00:00.000",DAILY,,,"[{""index"":""access_source_session_cnt"",""item_list"":[{""key"":29,""value"":11},{""key"":18,""value"":20},{""key"":13,""value"":504},{""key"":10,""value"":59},{""key"":3,""value"":4},{""key"":23,""value"":1},{""key"":1,""value"":3}]},{""index"":""access_source_visit_uv"",""item_list"":[{""key"":29,""value"":8},{""key"":18,""value"":16},{""key"":13,""value"":476},{""key"":10,""value"":58},{""key"":3,""value"":3},{""key"":23,""value"":1},{""key"":1,""value"":3}]},{""index"":""access_staytime_info"",""item_list"":[{""key"":8,""value"":8},{""key"":7,""value"":11},{""key"":6,""value"":22},{""key"":5,""value"":24},{""key"":4,""value"":76},{""key"":3,""value"":152},{""key"":2,""value"":252},{""key"":1,""value"":57}]},{""index"":""access_depth_info"",""item_list"":[{""key"":6,""value"":29},{""key"":5,""value"":7},{""key"":4,""value"":1},{""key"":3,""value"":35},{""key"":2,""value"":132},{""key"":1,""value"":398}]}]",20191102
SBKgKW4BuyEw7tbzWaTH,"wechat_aggregate",,wx,VISITDISTRIBUTION,wxf2853b97771b5d0a,"miniapp-feili","November 1st 2019, 08:00:00.000","November 1st 2019, 08:00:00.000",DAILY,,,"[{""index"":""access_source_session_cnt"",""item_list"":[{""key"":29,""value"":11},{""key"":18,""value"":43},{""key"":13,""value"":345},{""key"":10,""value"":26},{""key"":3,""value"":19},{""key"":23,""value"":5},{""key"":1,""value"":3}]},{""index"":""access_source_visit_uv"",""item_list"":[{""key"":29,""value"":8},{""key"":18,""value"":33},{""key"":13,""value"":331},{""key"":10,""value"":26},{""key"":3,""value"":12},{""key"":23,""value"":4},{""key"":1,""value"":3}]},{""index"":""access_staytime_info"",""item_list"":[{""key"":8,""value"":17},{""key"":7,""value"":18},{""key"":6,""value"":28},{""key"":5,""value"":25},{""key"":4,""value"":46},{""key"":3,""value"":119},{""key"":2,""value"":154},{""key"":1,""value"":45}]},{""index"":""access_depth_info"",""item_list"":[{""key"":6,""value"":38},{""key"":5,""value"":4},{""key"":4,""value"":11},{""key"":3,""value"":23},{""key"":2,""value"":111},{""key"":1,""value"":265}]}]",20191101
"Nxp5JG4Br6tb5kJt8x-t","wechat_aggregate",,wx,VISITDISTRIBUTION,wxf2853b97771b5d0a,"miniapp-feili","October 31st 2019, 08:00:00.000","October 31st 2019, 08:00:00.000",DAILY,,,"[{""index"":""access_source_session_cnt"",""item_list"":[{""key"":22,""value"":2},{""key"":18,""value"":401},{""key"":17,""value"":1},{""key"":29,""value"":25},{""key"":16,""value"":21},{""key"":13,""value"":297},{""key"":36,""value"":1},{""key"":10,""value"":22},{""key"":3,""value"":57},{""key"":2,""value"":5},{""key"":23,""value"":27},{""key"":1,""value"":6}]},{""index"":""access_source_visit_uv"",""item_list"":[{""key"":22,""value"":2},{""key"":18,""value"":358},{""key"":17,""value"":1},{""key"":29,""value"":13},{""key"":16,""value"":16},{""key"":13,""value"":288},{""key"":36,""value"":1},{""key"":10,""value"":22},{""key"":3,""value"":38},{""key"":2,""value"":5},{""key"":23,""value"":18},{""key"":1,""value"":6}]},{""index"":""access_staytime_info"",""item_list"":[{""key"":8,""value"":59},{""key"":7,""value"":117},{""key"":6,""value"":94},{""key"":5,""value"":63},{""key"":4,""value"":126},{""key"":3,""value"":195},{""key"":2,""value"":159},{""key"":1,""value"":52}]},{""index"":""access_depth_info"",""item_list"":[{""key"":6,""value"":160},{""key"":5,""value"":20},{""key"":4,""value"":37},{""key"":3,""value"":128},{""key"":2,""value"":210},{""key"":1,""value"":310}]}]",20191031
"vdtTH24BIw_XuURMmjV6","wechat_aggregate",,wx,VISITDISTRIBUTION,wxf2853b97771b5d0a,"miniapp-feili","October 30th 2019, 08:00:00.000","October 30th 2019, 08:00:00.000",DAILY,,,"[{""index"":""access_source_session_cnt"",""item_list"":[{""key"":29,""value"":5},{""key"":18,""value"":4},{""key"":13,""value"":165},{""key"":10,""value"":25},{""key"":3,""value"":1},{""key"":2,""value"":1},{""key"":23,""value"":3},{""key"":1,""value"":5}]},{""index"":""access_source_visit_uv"",""item_list"":[{""key"":29,""value"":4},{""key"":18,""value"":1},{""key"":13,""value"":162},{""key"":10,""value"":23},{""key"":3,""value"":1},{""key"":2,""value"":1},{""key"":23,""value"":3},{""key"":1,""value"":4}]},{""index"":""access_staytime_info"",""item_list"":[{""key"":8,""value"":5},{""key"":7,""value"":11},{""key"":6,""value"":17},{""key"":5,""value"":9},{""key"":4,""value"":19},{""key"":3,""value"":63},{""key"":2,""value"":65},{""key"":1,""value"":20}]},{""index"":""access_depth_info"",""item_list"":[{""key"":6,""value"":31},{""key"":5,""value"":8},{""key"":4,""value"":2},{""key"":3,""value"":3},{""key"":2,""value"":75},{""key"":1,""value"":90}]}]",20191030
nqMtGm4Br6tb5kJtOjj9,"wechat_aggregate",,wx,VISITDISTRIBUTION,wxf2853b97771b5d0a,"miniapp-feili","October 29th 2019, 08:00:00.000","October 29th 2019, 08:00:00.000",DAILY,,,"[{""index"":""access_source_session_cnt"",""item_list"":[{""key"":29,""value"":8},{""key"":13,""value"":146},{""key"":36,""value"":1},{""key"":10,""value"":25},{""key"":8,""value"":4},{""key"":3,""value"":8},{""key"":2,""value"":2},{""key"":23,""value"":2},{""key"":1,""value"":20}]},{""index"":""access_source_visit_uv"",""item_list"":[{""key"":29,""value"":6},{""key"":13,""value"":141},{""key"":36,""value"":1},{""key"":10,""value"":23},{""key"":8,""value"":2},{""key"":3,""value"":7},{""key"":2,""value"":1},{""key"":23,""value"":2},{""key"":1,""value"":6}]},{""index"":""access_staytime_info"",""item_list"":[{""key"":8,""value"":15},{""key"":7,""value"":9},{""key"":6,""value"":16},{""key"":5,""value"":9},{""key"":4,""value"":24},{""key"":3,""value"":57},{""key"":2,""value"":65},{""key"":1,""value"":21}]},{""index"":""access_depth_info"",""item_list"":[{""key"":6,""value"":29},{""key"":5,""value"":6},{""key"":4,""value"":3},{""key"":3,""value"":7},{""key"":2,""value"":68},{""key"":1,""value"":103}]}]",20191029
nFYGFW4BuyEw7tbz3mhu,"wechat_aggregate",,wx,VISITDISTRIBUTION,wxf2853b97771b5d0a,"miniapp-feili","October 28th 2019, 08:00:00.000","October 28th 2019, 08:00:00.000",DAILY,,,"[{""index"":""access_source_session_cnt"",""item_list"":[{""key"":22,""value"":1},{""key"":18,""value"":10},{""key"":29,""value"":2},{""key"":16,""value"":2},{""key"":13,""value"":211},{""key"":36,""value"":2},{""key"":10,""value"":30},{""key"":2,""value"":2},{""key"":23,""value"":1},{""key"":1,""value"":3}]},{""index"":""access_source_visit_uv"",""item_list"":[{""key"":22,""value"":1},{""key"":18,""value"":3},{""key"":29,""value"":2},{""key"":16,""value"":1},{""key"":13,""value"":203},{""key"":36,""value"":2},{""key"":10,""value"":29},{""key"":2,""value"":2},{""key"":23,""value"":1},{""key"":1,""value"":3}]},{""index"":""access_staytime_info"",""item_list"":[{""key"":8,""value"":7},{""key"":7,""value"":13},{""key"":6,""value"":16},{""key"":5,""value"":15},{""key"":4,""value"":31},{""key"":3,""value"":78},{""key"":2,""value"":85},{""key"":1,""value"":19}]},{""index"":""access_depth_info"",""item_list"":[{""key"":6,""value"":43},{""key"":5,""value"":4},{""key"":4,""value"":1},{""key"":3,""value"":2},{""key"":2,""value"":79},{""key"":1,""value"":135}]}]",20191028
KijgD24BuyEw7tbzg3aT,"wechat_aggregate",,wx,VISITDISTRIBUTION,wxf2853b97771b5d0a,"miniapp-feili","October 27th 2019, 08:00:00.000","October 27th 2019, 08:00:00.000",DAILY,,,"[{""index"":""access_source_session_cnt"",""item_list"":[{""key"":29,""value"":7},{""key"":13,""value"":209},{""key"":10,""value"":35},{""key"":1,""value"":1}]},{""index"":""access_source_visit_uv"",""item_list"":[{""key"":29,""value"":7},{""key"":13,""value"":205},{""key"":10,""value"":35},{""key"":1,""value"":1}]},{""index"":""access_staytime_info"",""item_list"":[{""key"":8,""value"":3},{""key"":7,""value"":8},{""key"":6,""value"":19},{""key"":5,""value"":17},{""key"":4,""value"":35},{""key"":3,""value"":65},{""key"":2,""value"":82},{""key"":1,""value"":23}]},{""index"":""access_depth_info"",""item_list"":[{""key"":6,""value"":26},{""key"":5,""value"":2},{""key"":4,""value"":3},{""key"":3,""value"":13},{""key"":2,""value"":74},{""key"":1,""value"":134}]}]",20191027
"qCS6Cm4BIw_XuURMJ2gS","wechat_aggregate",,wx,VISITDISTRIBUTION,wxf2853b97771b5d0a,"miniapp-feili","October 26th 2019, 08:00:00.000","October 26th 2019, 08:00:00.000",DAILY,,,"[{""index"":""access_source_session_cnt"",""item_list"":[{""key"":29,""value"":9},{""key"":13,""value"":267},{""key"":10,""value"":25},{""key"":3,""value"":1},{""key"":2,""value"":1},{""key"":23,""value"":3},{""key"":1,""value"":3}]},{""index"":""access_source_visit_uv"",""item_list"":[{""key"":29,""value"":9},{""key"":13,""value"":259},{""key"":10,""value"":24},{""key"":3,""value"":1},{""key"":2,""value"":1},{""key"":23,""value"":3},{""key"":1,""value"":3}]},{""index"":""access_staytime_info"",""item_list"":[{""key"":8,""value"":5},{""key"":7,""value"":15},{""key"":6,""value"":18},{""key"":5,""value"":15},{""key"":4,""value"":50},{""key"":3,""value"":73},{""key"":2,""value"":106},{""key"":1,""value"":27}]},{""index"":""access_depth_info"",""item_list"":[{""key"":6,""value"":19},{""key"":5,""value"":5},{""key"":4,""value"":2},{""key"":3,""value"":25},{""key"":2,""value"":85},{""key"":1,""value"":173}]}]",20191026
"-vWTBW4BIw_XuURMy23i","wechat_aggregate",,wx,VISITDISTRIBUTION,wxf2853b97771b5d0a,"miniapp-feili","October 25th 2019, 08:00:00.000","October 25th 2019, 08:00:00.000",DAILY,61503,"data not ready, please try later hint: [8tnG0a06021556]",,
InxtAG4Br6tb5kJtb62S,"wechat_aggregate",,wx,VISITDISTRIBUTION,wxf2853b97771b5d0a,"miniapp-feili","October 24th 2019, 08:00:00.000","October 24th 2019, 08:00:00.000",DAILY,61503,"data not ready, please try later hint: [MVseiA02021487]",,
"umxH-20BuyEw7tbzFTQS","wechat_aggregate",,wx,VISITDISTRIBUTION,wxf2853b97771b5d0a,"miniapp-feili","October 23rd 2019, 08:00:00.000","October 23rd 2019, 08:00:00.000",DAILY,,,"[{""index"":""access_source_session_cnt"",""item_list"":[{""key"":29,""value"":1},{""key"":13,""value"":136},{""key"":10,""value"":17},{""key"":1,""value"":1}]},{""index"":""access_source_visit_uv"",""item_list"":[{""key"":29,""value"":1},{""key"":13,""value"":135},{""key"":10,""value"":17},{""key"":1,""value"":1}]},{""index"":""access_staytime_info"",""item_list"":[{""key"":8,""value"":1},{""key"":7,""value"":4},{""key"":6,""value"":7},{""key"":5,""value"":6},{""key"":4,""value"":17},{""key"":3,""value"":42},{""key"":2,""value"":62},{""key"":1,""value"":16}]},{""index"":""access_depth_info"",""item_list"":[{""key"":6,""value"":9},{""key"":5,""value"":2},{""key"":3,""value"":8},{""key"":2,""value"":47},{""key"":1,""value"":89}]}]",20191023
lwog9m0Br6tb5kJttuJd,"wechat_aggregate",,wx,VISITDISTRIBUTION,wxf2853b97771b5d0a,"miniapp-feili","October 22nd 2019, 08:00:00.000","October 22nd 2019, 08:00:00.000",DAILY,,,"[{""index"":""access_source_session_cnt"",""item_list"":[]},{""index"":""access_source_visit_uv"",""item_list"":[]},{""index"":""access_staytime_info"",""item_list"":[]},{""index"":""access_depth_info"",""item_list"":[]}]",20191022
09v68G0Br6tb5kJtXNS2,"wechat_aggregate",,wx,VISITDISTRIBUTION,wxf2853b97771b5d0a,"miniapp-feili","October 21st 2019, 08:00:00.000","October 21st 2019, 08:00:00.000",DAILY,,,"[{""index"":""access_source_session_cnt"",""item_list"":[{""key"":29,""value"":1},{""key"":3,""value"":1},{""key"":2,""value"":1}]},{""index"":""access_source_visit_uv"",""item_list"":[{""key"":29,""value"":1},{""key"":3,""value"":1},{""key"":2,""value"":1}]},{""index"":""access_staytime_info"",""item_list"":[{""key"":4,""value"":2},{""key"":2,""value"":1}]},{""index"":""access_depth_info"",""item_list"":[{""key"":2,""value"":1},{""key"":1,""value"":2}]}]",20191021
McLU620Br6tb5kJtAGFh,"wechat_aggregate",,wx,VISITDISTRIBUTION,wxf2853b97771b5d0a,"miniapp-feili","October 20th 2019, 08:00:00.000","October 20th 2019, 08:00:00.000",DAILY,,,"[{""index"":""access_source_session_cnt"",""item_list"":[]},{""index"":""access_source_visit_uv"",""item_list"":[]},{""index"":""access_staytime_info"",""item_list"":[]},{""index"":""access_depth_info"",""item_list"":[]}]",20191020
"wq2t5m0Br6tb5kJto_Em","wechat_aggregate",,wx,VISITDISTRIBUTION,wxf2853b97771b5d0a,"miniapp-feili","October 19th 2019, 08:00:00.000","October 19th 2019, 08:00:00.000",DAILY,,,"[{""index"":""access_source_session_cnt"",""item_list"":[{""key"":2,""value"":1},{""key"":1,""value"":2}]},{""index"":""access_source_visit_uv"",""item_list"":[{""key"":2,""value"":1},{""key"":1,""value"":1}]},{""index"":""access_staytime_info"",""item_list"":[{""key"":5,""value"":1},{""key"":4,""value"":1},{""key"":1,""value"":1}]},{""index"":""access_depth_info"",""item_list"":[{""key"":6,""value"":1},{""key"":2,""value"":1},{""key"":1,""value"":1}]}]",20191019
egqH4W0BuyEw7tbzSKOb,"wechat_aggregate",,wx,VISITDISTRIBUTION,wxf2853b97771b5d0a,"miniapp-feili","October 18th 2019, 08:00:00.000","October 18th 2019, 08:00:00.000",DAILY,,,"[{""index"":""access_source_session_cnt"",""item_list"":[{""key"":36,""value"":1},{""key"":29,""value"":1},{""key"":2,""value"":1}]},{""index"":""access_source_visit_uv"",""item_list"":[{""key"":36,""value"":1},{""key"":29,""value"":1},{""key"":2,""value"":1}]},{""index"":""access_staytime_info"",""item_list"":[{""key"":8,""value"":1},{""key"":6,""value"":1},{""key"":2,""value"":1}]},{""index"":""access_depth_info"",""item_list"":[{""key"":6,""value"":2},{""key"":1,""value"":1}]}]",20191018
DAlg3G0BuyEw7tbz7UK7,"wechat_aggregate",,wx,VISITDISTRIBUTION,wxf2853b97771b5d0a,"miniapp-feili","October 17th 2019, 08:00:00.000","October 17th 2019, 08:00:00.000",DAILY,,,"[{""index"":""access_source_session_cnt"",""item_list"":[{""key"":29,""value"":1},{""key"":1,""value"":1}]},{""index"":""access_source_visit_uv"",""item_list"":[{""key"":29,""value"":1},{""key"":1,""value"":1}]},{""index"":""access_staytime_info"",""item_list"":[{""key"":4,""value"":1},{""key"":2,""value"":1}]},{""index"":""access_depth_info"",""item_list"":[{""key"":3,""value"":1},{""key"":1,""value"":1}]}]",20191017
wQc6120BuyEw7tbzkdbv,"wechat_aggregate",,wx,VISITDISTRIBUTION,wxf2853b97771b5d0a,"miniapp-feili","October 16th 2019, 08:00:00.000","October 16th 2019, 08:00:00.000",DAILY,,,"[{""index"":""access_source_session_cnt"",""item_list"":[{""key"":36,""value"":1},{""key"":23,""value"":1},{""key"":1,""value"":1}]},{""index"":""access_source_visit_uv"",""item_list"":[{""key"":36,""value"":1},{""key"":23,""value"":1},{""key"":1,""value"":1}]},{""index"":""access_staytime_info"",""item_list"":[{""key"":6,""value"":1},{""key"":4,""value"":1},{""key"":1,""value"":1}]},{""index"":""access_depth_info"",""item_list"":[{""key"":4,""value"":1},{""key"":2,""value"":2}]}]",20191016
3QYU0m0BuyEw7tbzNmxl,"wechat_aggregate",,wx,VISITDISTRIBUTION,wxf2853b97771b5d0a,"miniapp-feili","October 15th 2019, 08:00:00.000","October 15th 2019, 08:00:00.000",DAILY,,,"[{""index"":""access_source_session_cnt"",""item_list"":[{""key"":29,""value"":4},{""key"":2,""value"":2},{""key"":1,""value"":6}]},{""index"":""access_source_visit_uv"",""item_list"":[{""key"":29,""value"":2},{""key"":2,""value"":1},{""key"":1,""value"":3}]},{""index"":""access_staytime_info"",""item_list"":[{""key"":8,""value"":2},{""key"":5,""value"":4},{""key"":4,""value"":1},{""key"":3,""value"":2},{""key"":2,""value"":3}]},{""index"":""access_depth_info"",""item_list"":[{""key"":6,""value"":2},{""key"":3,""value"":3},{""key"":2,""value"":5},{""key"":1,""value"":2}]}]",20191015
"FyztzG0BIw_XuURM28Qp","wechat_aggregate",,wx,VISITDISTRIBUTION,wxf2853b97771b5d0a,"miniapp-feili","October 14th 2019, 08:00:00.000","October 14th 2019, 08:00:00.000",DAILY,,,"[{""index"":""access_source_session_cnt"",""item_list"":[{""key"":29,""value"":1},{""key"":23,""value"":1},{""key"":18,""value"":2},{""key"":2,""value"":3}]},{""index"":""access_source_visit_uv"",""item_list"":[{""key"":29,""value"":1},{""key"":23,""value"":1},{""key"":18,""value"":2},{""key"":2,""value"":2}]},{""index"":""access_staytime_info"",""item_list"":[{""key"":8,""value"":1},{""key"":7,""value"":2},{""key"":5,""value"":1},{""key"":3,""value"":1},{""key"":2,""value"":2}]},{""index"":""access_depth_info"",""item_list"":[{""key"":6,""value"":2},{""key"":4,""value"":1},{""key"":3,""value"":1},{""key"":2,""value"":1},{""key"":1,""value"":2}]}]",20191014
tTXHx20Br6tb5kJthGW2,"wechat_aggregate",,wx,VISITDISTRIBUTION,wxf2853b97771b5d0a,"miniapp-feili","October 13th 2019, 08:00:00.000","October 13th 2019, 08:00:00.000",DAILY,,,"[{""index"":""access_source_session_cnt"",""item_list"":[{""key"":3,""value"":2},{""key"":1,""value"":1}]},{""index"":""access_source_visit_uv"",""item_list"":[{""key"":3,""value"":2},{""key"":1,""value"":1}]},{""index"":""access_staytime_info"",""item_list"":[{""key"":6,""value"":1},{""key"":3,""value"":1},{""key"":1,""value"":1}]},{""index"":""access_depth_info"",""item_list"":[{""key"":1,""value"":3}]}]",20191013
"_SGhwm0Br6tb5kJtIdyP","wechat_aggregate",,wx,VISITDISTRIBUTION,wxf2853b97771b5d0a,"miniapp-feili","October 12th 2019, 08:00:00.000","October 12th 2019, 08:00:00.000",DAILY,,,"[{""index"":""access_source_session_cnt"",""item_list"":[{""key"":29,""value"":3},{""key"":16,""value"":1},{""key"":2,""value"":2},{""key"":1,""value"":1}]},{""index"":""access_source_visit_uv"",""item_list"":[{""key"":29,""value"":2},{""key"":16,""value"":1},{""key"":2,""value"":2},{""key"":1,""value"":1}]},{""index"":""access_staytime_info"",""item_list"":[{""key"":8,""value"":2},{""key"":7,""value"":1},{""key"":6,""value"":1},{""key"":5,""value"":1},{""key"":4,""value"":2}]},{""index"":""access_depth_info"",""item_list"":[{""key"":6,""value"":1},{""key"":4,""value"":2},{""key"":3,""value"":3},{""key"":2,""value"":1}]}]",20191012
"YCh6vW0BIw_XuURM038x","wechat_aggregate",,wx,VISITDISTRIBUTION,wxf2853b97771b5d0a,"miniapp-feili","October 11th 2019, 08:00:00.000","October 11th 2019, 08:00:00.000",DAILY,,,"[{""index"":""access_source_session_cnt"",""item_list"":[{""key"":29,""value"":6},{""key"":4,""value"":1}]},{""index"":""access_source_visit_uv"",""item_list"":[{""key"":29,""value"":1},{""key"":4,""value"":1}]},{""index"":""access_staytime_info"",""item_list"":[{""key"":8,""value"":2},{""key"":7,""value"":2},{""key"":6,""value"":1},{""key"":4,""value"":1},{""key"":2,""value"":1}]},{""index"":""access_depth_info"",""item_list"":[{""key"":6,""value"":1},{""key"":5,""value"":1},{""key"":3,""value"":1},{""key"":1,""value"":4}]}]",20191011
"cidUuG0BIw_XuURMbR3j","wechat_aggregate",,wx,VISITDISTRIBUTION,wxf2853b97771b5d0a,"miniapp-feili","October 10th 2019, 08:00:00.000","October 10th 2019, 08:00:00.000",DAILY,,,"[{""index"":""access_source_session_cnt"",""item_list"":[{""key"":29,""value"":2},{""key"":18,""value"":2},{""key"":3,""value"":1},{""key"":2,""value"":1}]},{""index"":""access_source_visit_uv"",""item_list"":[{""key"":29,""value"":1},{""key"":18,""value"":1},{""key"":3,""value"":1},{""key"":2,""value"":1}]},{""index"":""access_staytime_info"",""item_list"":[{""key"":8,""value"":1},{""key"":6,""value"":2},{""key"":4,""value"":1},{""key"":3,""value"":2}]},{""index"":""access_depth_info"",""item_list"":[{""key"":4,""value"":1},{""key"":3,""value"":1},{""key"":2,""value"":1},{""key"":1,""value"":3}]}]",20191010
cugus20Br6tb5kJtDxc1,"wechat_aggregate",,wx,VISITDISTRIBUTION,wxf2853b97771b5d0a,"miniapp-feili","October 9th 2019, 08:00:00.000","October 9th 2019, 08:00:00.000",DAILY,,,"[{""index"":""access_source_session_cnt"",""item_list"":[{""key"":29,""value"":1},{""key"":3,""value"":2},{""key"":2,""value"":1},{""key"":1,""value"":1}]},{""index"":""access_source_visit_uv"",""item_list"":[{""key"":29,""value"":1},{""key"":3,""value"":2},{""key"":2,""value"":1},{""key"":1,""value"":1}]},{""index"":""access_staytime_info"",""item_list"":[{""key"":5,""value"":2},{""key"":3,""value"":3}]},{""index"":""access_depth_info"",""item_list"":[{""key"":3,""value"":1},{""key"":2,""value"":1},{""key"":1,""value"":3}]}]",20191009
wNUHrm0Br6tb5kJttw3R,"wechat_aggregate",,wx,VISITDISTRIBUTION,wxf2853b97771b5d0a,"miniapp-feili","October 8th 2019, 08:00:00.000","October 8th 2019, 08:00:00.000",DAILY,,,"[{""index"":""access_source_session_cnt"",""item_list"":[{""key"":29,""value"":1},{""key"":23,""value"":2},{""key"":18,""value"":11},{""key"":3,""value"":1}]},{""index"":""access_source_visit_uv"",""item_list"":[{""key"":29,""value"":1},{""key"":23,""value"":1},{""key"":18,""value"":5},{""key"":3,""value"":1}]},{""index"":""access_staytime_info"",""item_list"":[{""key"":8,""value"":5},{""key"":7,""value"":3},{""key"":4,""value"":2},{""key"":3,""value"":1},{""key"":2,""value"":2},{""key"":1,""value"":2}]},{""index"":""access_depth_info"",""item_list"":[{""key"":6,""value"":6},{""key"":4,""value"":2},{""key"":2,""value"":1},{""key"":1,""value"":6}]}]",20191008
DPzhqG0BuyEw7tbzXhZL,"wechat_aggregate",,wx,VISITDISTRIBUTION,wxf2853b97771b5d0a,"miniapp-feili","October 7th 2019, 08:00:00.000","October 7th 2019, 08:00:00.000",DAILY,,,"[{""index"":""access_source_session_cnt"",""item_list"":[{""key"":18,""value"":1}]},{""index"":""access_source_visit_uv"",""item_list"":[{""key"":18,""value"":1}]},{""index"":""access_staytime_info"",""item_list"":[{""key"":7,""value"":1}]},{""index"":""access_depth_info"",""item_list"":[{""key"":6,""value"":1}]}]",20191007
"xq-6o20Br6tb5kJt-m5k","wechat_aggregate",,wx,VISITDISTRIBUTION,wxf2853b97771b5d0a,"miniapp-feili","October 6th 2019, 08:00:00.000","October 6th 2019, 08:00:00.000",DAILY,,,"[{""index"":""access_source_session_cnt"",""item_list"":[{""key"":18,""value"":3}]},{""index"":""access_source_visit_uv"",""item_list"":[{""key"":18,""value"":1}]},{""index"":""access_staytime_info"",""item_list"":[{""key"":8,""value"":1},{""key"":7,""value"":2}]},{""index"":""access_depth_info"",""item_list"":[{""key"":5,""value"":2},{""key"":4,""value"":1}]}]",20191006
rvmUnm0BuyEw7tbzn45a,"wechat_aggregate",,wx,VISITDISTRIBUTION,wxf2853b97771b5d0a,"miniapp-feili","October 5th 2019, 08:00:00.000","October 5th 2019, 08:00:00.000",DAILY,,,"[{""index"":""access_source_session_cnt"",""item_list"":[]},{""index"":""access_source_visit_uv"",""item_list"":[]},{""index"":""access_staytime_info"",""item_list"":[]},{""index"":""access_depth_info"",""item_list"":[]}]",20191005
qvhumW0BuyEw7tbzSUhd,"wechat_aggregate",,wx,VISITDISTRIBUTION,wxf2853b97771b5d0a,"miniapp-feili","October 4th 2019, 08:00:00.000","October 4th 2019, 08:00:00.000",DAILY,,,"[{""index"":""access_source_session_cnt"",""item_list"":[{""key"":18,""value"":1}]},{""index"":""access_source_visit_uv"",""item_list"":[{""key"":18,""value"":1}]},{""index"":""access_staytime_info"",""item_list"":[{""key"":6,""value"":1}]},{""index"":""access_depth_info"",""item_list"":[{""key"":6,""value"":1}]}]",20191004
"F_dHlG0BuyEw7tbz5QgD","wechat_aggregate",,wx,VISITDISTRIBUTION,wxf2853b97771b5d0a,"miniapp-feili","October 3rd 2019, 08:00:00.000","October 3rd 2019, 08:00:00.000",DAILY,,,"[{""index"":""access_source_session_cnt"",""item_list"":[{""key"":29,""value"":1},{""key"":18,""value"":1},{""key"":3,""value"":1}]},{""index"":""access_source_visit_uv"",""item_list"":[{""key"":29,""value"":1},{""key"":18,""value"":1},{""key"":3,""value"":1}]},{""index"":""access_staytime_info"",""item_list"":[{""key"":7,""value"":1},{""key"":4,""value"":1},{""key"":3,""value"":1}]},{""index"":""access_depth_info"",""item_list"":[{""key"":6,""value"":1},{""key"":2,""value"":1},{""key"":1,""value"":1}]}]",20191003
42Uhj20Br6tb5kJti9GX,"wechat_aggregate",,wx,VISITDISTRIBUTION,wxf2853b97771b5d0a,"miniapp-feili","October 2nd 2019, 08:00:00.000","October 2nd 2019, 08:00:00.000",DAILY,,,"[{""index"":""access_source_session_cnt"",""item_list"":[{""key"":2,""value"":2}]},{""index"":""access_source_visit_uv"",""item_list"":[{""key"":2,""value"":1}]},{""index"":""access_staytime_info"",""item_list"":[{""key"":7,""value"":1},{""key"":6,""value"":1}]},{""index"":""access_depth_info"",""item_list"":[{""key"":6,""value"":2}]}]",20191002
"R_T7iW0BuyEw7tbzMIVo","wechat_aggregate",,wx,VISITDISTRIBUTION,wxf2853b97771b5d0a,"miniapp-feili","October 1st 2019, 08:00:00.000","October 1st 2019, 08:00:00.000",DAILY,,,"[{""index"":""access_source_session_cnt"",""item_list"":[{""key"":36,""value"":1},{""key"":23,""value"":1},{""key"":18,""value"":1},{""key"":17,""value"":1},{""key"":29,""value"":2},{""key"":16,""value"":2},{""key"":3,""value"":9},{""key"":2,""value"":4}]},{""index"":""access_source_visit_uv"",""item_list"":[{""key"":36,""value"":1},{""key"":23,""value"":1},{""key"":18,""value"":1},{""key"":17,""value"":1},{""key"":29,""value"":2},{""key"":16,""value"":2},{""key"":3,""value"":6},{""key"":2,""value"":2}]},{""index"":""access_staytime_info"",""item_list"":[{""key"":8,""value"":6},{""key"":7,""value"":3},{""key"":6,""value"":1},{""key"":5,""value"":1},{""key"":4,""value"":4},{""key"":3,""value"":1},{""key"":2,""value"":4},{""key"":1,""value"":1}]},{""index"":""access_depth_info"",""item_list"":[{""key"":6,""value"":5},{""key"":5,""value"":1},{""key"":4,""value"":2},{""key"":3,""value"":2},{""key"":1,""value"":11}]}]",20191001
M0HUhG0Br6tb5kJtzcet,"wechat_aggregate",,wx,VISITDISTRIBUTION,wxf2853b97771b5d0a,"miniapp-feili","September 30th 2019, 08:00:00.000","September 30th 2019, 08:00:00.000",DAILY,,,"[{""index"":""access_source_session_cnt"",""item_list"":[{""key"":18,""value"":2},{""key"":2,""value"":1},{""key"":1,""value"":3}]},{""index"":""access_source_visit_uv"",""item_list"":[{""key"":18,""value"":2},{""key"":2,""value"":1},{""key"":1,""value"":1}]},{""index"":""access_staytime_info"",""item_list"":[{""key"":7,""value"":1},{""key"":6,""value"":1},{""key"":5,""value"":1},{""key"":4,""value"":1},{""key"":3,""value"":1},{""key"":2,""value"":1}]},{""index"":""access_depth_info"",""item_list"":[{""key"":6,""value"":3},{""key"":5,""value"":1},{""key"":1,""value"":2}]}]",20190930
"Jy-uf20Br6tb5kJtcvLn","wechat_aggregate",,wx,VISITDISTRIBUTION,wxf2853b97771b5d0a,"miniapp-feili","September 29th 2019, 08:00:00.000","September 29th 2019, 08:00:00.000",DAILY,,,"[{""index"":""access_source_session_cnt"",""item_list"":[{""key"":36,""value"":3},{""key"":29,""value"":3},{""key"":23,""value"":1},{""key"":18,""value"":8},{""key"":3,""value"":11},{""key"":2,""value"":2}]},{""index"":""access_source_visit_uv"",""item_list"":[{""key"":36,""value"":1},{""key"":29,""value"":1},{""key"":23,""value"":1},{""key"":18,""value"":7},{""key"":3,""value"":3},{""key"":2,""value"":2}]},{""index"":""access_staytime_info"",""item_list"":[{""key"":8,""value"":4},{""key"":7,""value"":8},{""key"":6,""value"":2},{""key"":5,""value"":1},{""key"":4,""value"":3},{""key"":3,""value"":2},{""key"":2,""value"":5},{""key"":1,""value"":3}]},{""index"":""access_depth_info"",""item_list"":[{""key"":6,""value"":11},{""key"":4,""value"":2},{""key"":3,""value"":1},{""key"":2,""value"":3},{""key"":1,""value"":11}]}]",20190929
"EhaIem0BIw_XuURMFi-t","wechat_aggregate",,wx,VISITDISTRIBUTION,wxf2853b97771b5d0a,"miniapp-feili","September 28th 2019, 08:00:00.000","September 28th 2019, 08:00:00.000",DAILY,,,"[{""index"":""access_source_session_cnt"",""item_list"":[{""key"":29,""value"":5},{""key"":23,""value"":3},{""key"":18,""value"":52},{""key"":3,""value"":13},{""key"":2,""value"":1}]},{""index"":""access_source_visit_uv"",""item_list"":[{""key"":29,""value"":4},{""key"":23,""value"":2},{""key"":18,""value"":20},{""key"":3,""value"":7},{""key"":2,""value"":1}]},{""index"":""access_staytime_info"",""item_list"":[{""key"":8,""value"":15},{""key"":7,""value"":6},{""key"":6,""value"":10},{""key"":5,""value"":10},{""key"":4,""value"":11},{""key"":3,""value"":11},{""key"":2,""value"":10},{""key"":1,""value"":1}]},{""index"":""access_depth_info"",""item_list"":[{""key"":6,""value"":15},{""key"":5,""value"":8},{""key"":4,""value"":7},{""key"":3,""value"":6},{""key"":2,""value"":10},{""key"":1,""value"":28}]}]",20190928
8wxhdW0Br6tb5kJtuY38,"wechat_aggregate",,wx,VISITDISTRIBUTION,wxf2853b97771b5d0a,"miniapp-feili","September 27th 2019, 08:00:00.000","September 27th 2019, 08:00:00.000",DAILY,,,"[{""index"":""access_source_session_cnt"",""item_list"":[{""key"":29,""value"":1},{""key"":18,""value"":45},{""key"":3,""value"":2},{""key"":2,""value"":1},{""key"":23,""value"":2},{""key"":1,""value"":1}]},{""index"":""access_source_visit_uv"",""item_list"":[{""key"":29,""value"":1},{""key"":18,""value"":23},{""key"":3,""value"":2},{""key"":2,""value"":1},{""key"":23,""value"":2},{""key"":1,""value"":1}]},{""index"":""access_staytime_info"",""item_list"":[{""key"":8,""value"":4},{""key"":7,""value"":17},{""key"":6,""value"":10},{""key"":5,""value"":4},{""key"":4,""value"":3},{""key"":3,""value"":1},{""key"":2,""value"":6},{""key"":1,""value"":7}]},{""index"":""access_depth_info"",""item_list"":[{""key"":6,""value"":22},{""key"":5,""value"":3},{""key"":4,""value"":5},{""key"":3,""value"":4},{""key"":2,""value"":1},{""key"":1,""value"":17}]}]",20190927
vPo7cG0Br6tb5kJtYKxD,"wechat_aggregate",,wx,VISITDISTRIBUTION,wxf2853b97771b5d0a,"miniapp-feili","September 26th 2019, 08:00:00.000","September 26th 2019, 08:00:00.000",DAILY,,,"[{""index"":""access_source_session_cnt"",""item_list"":[{""key"":29,""value"":1},{""key"":3,""value"":12},{""key"":1,""value"":5}]},{""index"":""access_source_visit_uv"",""item_list"":[{""key"":29,""value"":1},{""key"":3,""value"":5},{""key"":1,""value"":3}]},{""index"":""access_staytime_info"",""item_list"":[{""key"":8,""value"":7},{""key"":7,""value"":3},{""key"":6,""value"":3},{""key"":5,""value"":2},{""key"":2,""value"":2},{""key"":1,""value"":1}]},{""index"":""access_depth_info"",""item_list"":[{""key"":6,""value"":8},{""key"":3,""value"":1},{""key"":2,""value"":3},{""key"":1,""value"":6}]}]",20190926
"gxEVa20BIw_XuURMBjzK","wechat_aggregate",,wx,VISITDISTRIBUTION,wxf2853b97771b5d0a,"miniapp-feili","September 25th 2019, 08:00:00.000","September 25th 2019, 08:00:00.000",DAILY,,,"[{""index"":""access_source_session_cnt"",""item_list"":[{""key"":18,""value"":8},{""key"":29,""value"":7},{""key"":16,""value"":2},{""key"":10,""value"":1},{""key"":4,""value"":1},{""key"":3,""value"":11},{""key"":2,""value"":1},{""key"":1,""value"":2}]},{""index"":""access_source_visit_uv"",""item_list"":[{""key"":18,""value"":3},{""key"":29,""value"":3},{""key"":16,""value"":1},{""key"":10,""value"":1},{""key"":4,""value"":1},{""key"":3,""value"":8},{""key"":2,""value"":1},{""key"":1,""value"":1}]},{""index"":""access_staytime_info"",""item_list"":[{""key"":8,""value"":11},{""key"":7,""value"":1},{""key"":6,""value"":6},{""key"":5,""value"":3},{""key"":4,""value"":2},{""key"":3,""value"":3},{""key"":2,""value"":6},{""key"":1,""value"":1}]},{""index"":""access_depth_info"",""item_list"":[{""key"":6,""value"":12},{""key"":4,""value"":3},{""key"":3,""value"":4},{""key"":2,""value"":3},{""key"":1,""value"":11}]}]",20190925
"Mg_uZW0BIw_XuURMp8B5","wechat_aggregate",,wx,VISITDISTRIBUTION,wxf2853b97771b5d0a,"miniapp-feili","September 24th 2019, 08:00:00.000","September 24th 2019, 08:00:00.000",DAILY,,,"[{""index"":""access_source_session_cnt"",""item_list"":[{""key"":18,""value"":2},{""key"":29,""value"":1},{""key"":16,""value"":1},{""key"":4,""value"":1},{""key"":3,""value"":5},{""key"":2,""value"":2}]},{""index"":""access_source_visit_uv"",""item_list"":[{""key"":18,""value"":2},{""key"":29,""value"":1},{""key"":16,""value"":1},{""key"":4,""value"":1},{""key"":3,""value"":4},{""key"":2,""value"":2}]},{""index"":""access_staytime_info"",""item_list"":[{""key"":8,""value"":1},{""key"":7,""value"":2},{""key"":6,""value"":1},{""key"":5,""value"":1},{""key"":3,""value"":2},{""key"":2,""value"":4},{""key"":1,""value"":1}]},{""index"":""access_depth_info"",""item_list"":[{""key"":6,""value"":4},{""key"":4,""value"":1},{""key"":2,""value"":1},{""key"":1,""value"":6}]}]",20190924
FsbIYG0Br6tb5kJtSvGK,"wechat_aggregate",,wx,VISITDISTRIBUTION,wxf2853b97771b5d0a,"miniapp-feili","September 23rd 2019, 08:00:00.000","September 23rd 2019, 08:00:00.000",DAILY,,,"[{""index"":""access_source_session_cnt"",""item_list"":[{""key"":18,""value"":1},{""key"":16,""value"":2},{""key"":4,""value"":9},{""key"":3,""value"":7},{""key"":2,""value"":1},{""key"":1,""value"":1}]},{""index"":""access_source_visit_uv"",""item_list"":[{""key"":18,""value"":1},{""key"":16,""value"":2},{""key"":4,""value"":8},{""key"":3,""value"":6},{""key"":2,""value"":1},{""key"":1,""value"":1}]},{""index"":""access_staytime_info"",""item_list"":[{""key"":8,""value"":7},{""key"":7,""value"":5},{""key"":6,""value"":2},{""key"":5,""value"":2},{""key"":4,""value"":3},{""key"":3,""value"":2}]},{""index"":""access_depth_info"",""item_list"":[{""key"":6,""value"":12},{""key"":4,""value"":1},{""key"":3,""value"":3},{""key"":2,""value"":1},{""key"":1,""value"":4}]}]",20190923
"m-ehW20BuyEw7tbz7-wx","wechat_aggregate",,wx,VISITDISTRIBUTION,wxf2853b97771b5d0a,"miniapp-feili","September 22nd 2019, 08:00:00.000","September 22nd 2019, 08:00:00.000",DAILY,,,"[{""index"":""access_source_session_cnt"",""item_list"":[]},{""index"":""access_source_visit_uv"",""item_list"":[]},{""index"":""access_staytime_info"",""item_list"":[]},{""index"":""access_depth_info"",""item_list"":[]}]",20190922
7aV7Vm0Br6tb5kJtkxIL,"wechat_aggregate",,wx,VISITDISTRIBUTION,wxf2853b97771b5d0a,"miniapp-feili","September 21st 2019, 08:00:00.000","September 21st 2019, 08:00:00.000",DAILY,,,"[{""index"":""access_source_session_cnt"",""item_list"":[]},{""index"":""access_source_visit_uv"",""item_list"":[]},{""index"":""access_staytime_info"",""item_list"":[]},{""index"":""access_depth_info"",""item_list"":[]}]",20190921
"xJRVUW0Br6tb5kJtNlU_","wechat_aggregate",,wx,VISITDISTRIBUTION,wxf2853b97771b5d0a,"miniapp-feili","September 20th 2019, 08:00:00.000","September 20th 2019, 08:00:00.000",DAILY,,,"[{""index"":""access_source_session_cnt"",""item_list"":[{""key"":18,""value"":4}]},{""index"":""access_source_visit_uv"",""item_list"":[{""key"":18,""value"":3}]},{""index"":""access_staytime_info"",""item_list"":[{""key"":7,""value"":2},{""key"":6,""value"":1},{""key"":5,""value"":1}]},{""index"":""access_depth_info"",""item_list"":[{""key"":6,""value"":2},{""key"":1,""value"":2}]}]",20190920
FYMuTG0Br6tb5kJt3J4T,"wechat_aggregate",,wx,VISITDISTRIBUTION,wxf2853b97771b5d0a,"miniapp-feili","September 19th 2019, 08:00:00.000","September 19th 2019, 08:00:00.000",DAILY,,,"[{""index"":""access_source_session_cnt"",""item_list"":[{""key"":36,""value"":1},{""key"":29,""value"":7},{""key"":23,""value"":1},{""key"":3,""value"":4},{""key"":2,""value"":2}]},{""index"":""access_source_visit_uv"",""item_list"":[{""key"":36,""value"":1},{""key"":29,""value"":3},{""key"":23,""value"":1},{""key"":3,""value"":4},{""key"":2,""value"":1}]},{""index"":""access_staytime_info"",""item_list"":[{""key"":8,""value"":4},{""key"":7,""value"":4},{""key"":6,""value"":1},{""key"":4,""value"":3},{""key"":3,""value"":2},{""key"":1,""value"":1}]},{""index"":""access_depth_info"",""item_list"":[{""key"":6,""value"":8},{""key"":5,""value"":1},{""key"":2,""value"":1},{""key"":1,""value"":5}]}]",20190919
DOIIR20BuyEw7tbzgESv,"wechat_aggregate",,wx,VISITDISTRIBUTION,wxf2853b97771b5d0a,"miniapp-feili","September 18th 2019, 08:00:00.000","September 18th 2019, 08:00:00.000",DAILY,,,"[{""index"":""access_source_session_cnt"",""item_list"":[{""key"":29,""value"":13},{""key"":16,""value"":2},{""key"":3,""value"":5},{""key"":2,""value"":6},{""key"":1,""value"":6}]},{""index"":""access_source_visit_uv"",""item_list"":[{""key"":29,""value"":2},{""key"":16,""value"":2},{""key"":3,""value"":3},{""key"":2,""value"":4},{""key"":1,""value"":3}]},{""index"":""access_staytime_info"",""item_list"":[{""key"":8,""value"":8},{""key"":7,""value"":5},{""key"":6,""value"":7},{""key"":5,""value"":2},{""key"":4,""value"":3},{""key"":3,""value"":2},{""key"":2,""value"":3},{""key"":1,""value"":2}]},{""index"":""access_depth_info"",""item_list"":[{""key"":6,""value"":19},{""key"":4,""value"":1},{""key"":3,""value"":2},{""key"":2,""value"":3},{""key"":1,""value"":7}]}]",20190918
DeDiQW0BuyEw7tbzI84w,"wechat_aggregate",,wx,VISITDISTRIBUTION,wxf2853b97771b5d0a,"miniapp-feili","September 17th 2019, 08:00:00.000","September 17th 2019, 08:00:00.000",DAILY,,,"[{""index"":""access_source_session_cnt"",""item_list"":[{""key"":29,""value"":7},{""key"":16,""value"":4},{""key"":4,""value"":1},{""key"":3,""value"":1},{""key"":2,""value"":1}]},{""index"":""access_source_visit_uv"",""item_list"":[{""key"":29,""value"":4},{""key"":16,""value"":1},{""key"":4,""value"":1},{""key"":3,""value"":1},{""key"":2,""value"":1}]},{""index"":""access_staytime_info"",""item_list"":[{""key"":8,""value"":2},{""key"":7,""value"":1},{""key"":6,""value"":2},{""key"":5,""value"":2},{""key"":4,""value"":5},{""key"":3,""value"":1},{""key"":2,""value"":1}]},{""index"":""access_depth_info"",""item_list"":[{""key"":6,""value"":4},{""key"":3,""value"":2},{""key"":2,""value"":5},{""key"":1,""value"":3}]}]",20190917
RVK7PG0Br6tb5kJtyTQl,"wechat_aggregate",,wx,VISITDISTRIBUTION,wxf2853b97771b5d0a,"miniapp-feili","September 16th 2019, 08:00:00.000","September 16th 2019, 08:00:00.000",DAILY,,,"[{""index"":""access_source_session_cnt"",""item_list"":[{""key"":23,""value"":8},{""key"":29,""value"":3},{""key"":16,""value"":9},{""key"":4,""value"":1},{""key"":3,""value"":5},{""key"":2,""value"":2}]},{""index"":""access_source_visit_uv"",""item_list"":[{""key"":23,""value"":2},{""key"":29,""value"":2},{""key"":16,""value"":6},{""key"":4,""value"":1},{""key"":3,""value"":4},{""key"":2,""value"":2}]},{""index"":""access_staytime_info"",""item_list"":[{""key"":8,""value"":2},{""key"":7,""value"":5},{""key"":6,""value"":3},{""key"":5,""value"":4},{""key"":4,""value"":5},{""key"":3,""value"":4},{""key"":2,""value"":4},{""key"":1,""value"":1}]},{""index"":""access_depth_info"",""item_list"":[{""key"":6,""value"":9},{""key"":5,""value"":1},{""key"":4,""value"":3},{""key"":3,""value"":3},{""key"":2,""value"":3},{""key"":1,""value"":9}]}]",20190916
Nd2VN20BuyEw7tbzaz7F,"wechat_aggregate",,wx,VISITDISTRIBUTION,wxf2853b97771b5d0a,"miniapp-feili","September 15th 2019, 08:00:00.000","September 15th 2019, 08:00:00.000",DAILY,,,"[{""index"":""access_source_session_cnt"",""item_list"":[{""key"":18,""value"":4},{""key"":29,""value"":1},{""key"":16,""value"":12},{""key"":8,""value"":1},{""key"":3,""value"":8},{""key"":1,""value"":1}]},{""index"":""access_source_visit_uv"",""item_list"":[{""key"":18,""value"":4},{""key"":29,""value"":1},{""key"":16,""value"":8},{""key"":8,""value"":1},{""key"":3,""value"":5},{""key"":1,""value"":1}]},{""index"":""access_staytime_info"",""item_list"":[{""key"":8,""value"":5},{""key"":7,""value"":7},{""key"":6,""value"":5},{""key"":5,""value"":2},{""key"":4,""value"":3},{""key"":3,""value"":4},{""key"":2,""value"":1}]},{""index"":""access_depth_info"",""item_list"":[{""key"":6,""value"":13},{""key"":5,""value"":1},{""key"":3,""value"":2},{""key"":2,""value"":6},{""key"":1,""value"":5}]}]",20190915
"Z_5vMm0BIw_XuURMD_5R","wechat_aggregate",,wx,VISITDISTRIBUTION,wxf2853b97771b5d0a,"miniapp-feili","September 14th 2019, 08:00:00.000","September 14th 2019, 08:00:00.000",DAILY,,,"[{""index"":""access_source_session_cnt"",""item_list"":[{""key"":18,""value"":15},{""key"":29,""value"":5},{""key"":16,""value"":23},{""key"":10,""value"":2},{""key"":8,""value"":6},{""key"":3,""value"":94},{""key"":2,""value"":8},{""key"":23,""value"":15},{""key"":1,""value"":13}]},{""index"":""access_source_visit_uv"",""item_list"":[{""key"":18,""value"":12},{""key"":29,""value"":3},{""key"":16,""value"":16},{""key"":10,""value"":1},{""key"":8,""value"":2},{""key"":3,""value"":34},{""key"":2,""value"":5},{""key"":23,""value"":14},{""key"":1,""value"":3}]},{""index"":""access_staytime_info"",""item_list"":[{""key"":8,""value"":20},{""key"":7,""value"":28},{""key"":6,""value"":32},{""key"":5,""value"":21},{""key"":4,""value"":25},{""key"":3,""value"":27},{""key"":2,""value"":21},{""key"":1,""value"":7}]},{""index"":""access_depth_info"",""item_list"":[{""key"":6,""value"":56},{""key"":5,""value"":3},{""key"":4,""value"":22},{""key"":3,""value"":20},{""key"":2,""value"":28},{""key"":1,""value"":52}]}]",20190914
iCFILW0Br6tb5kJttHIo,"wechat_aggregate",,wx,VISITDISTRIBUTION,wxf2853b97771b5d0a,"miniapp-feili","September 13th 2019, 08:00:00.000","September 13th 2019, 08:00:00.000",DAILY,,,"[{""index"":""access_source_session_cnt"",""item_list"":[]},{""index"":""access_source_visit_uv"",""item_list"":[]},{""index"":""access_staytime_info"",""item_list"":[]},{""index"":""access_depth_info"",""item_list"":[]}]",20190913
"_NciKG0BuyEw7tbzW80U","wechat_aggregate",,wx,VISITDISTRIBUTION,wxf2853b97771b5d0a,"miniapp-feili","September 12th 2019, 08:00:00.000","September 12th 2019, 08:00:00.000",DAILY,,,"[{""index"":""access_source_session_cnt"",""item_list"":[{""key"":18,""value"":1},{""key"":16,""value"":2},{""key"":2,""value"":1}]},{""index"":""access_source_visit_uv"",""item_list"":[{""key"":18,""value"":1},{""key"":16,""value"":1},{""key"":2,""value"":1}]},{""index"":""access_staytime_info"",""item_list"":[{""key"":5,""value"":1},{""key"":4,""value"":1},{""key"":1,""value"":2}]},{""index"":""access_depth_info"",""item_list"":[{""key"":2,""value"":1},{""key"":1,""value"":3}]}]",20190912
"dtX8Im0BuyEw7tbzB_FR","wechat_aggregate",,wx,VISITDISTRIBUTION,wxf2853b97771b5d0a,"miniapp-feili","September 11th 2019, 08:00:00.000","September 11th 2019, 08:00:00.000",DAILY,,,"[{""index"":""access_source_session_cnt"",""item_list"":[]},{""index"":""access_source_visit_uv"",""item_list"":[]},{""index"":""access_staytime_info"",""item_list"":[]},{""index"":""access_depth_info"",""item_list"":[]}]",20190911
"ovHVHW0Br6tb5kJtoed-","wechat_aggregate",,wx,VISITDISTRIBUTION,wxf2853b97771b5d0a,"miniapp-feili","September 10th 2019, 08:00:00.000","September 10th 2019, 08:00:00.000",DAILY,,,"[{""index"":""access_source_session_cnt"",""item_list"":[]},{""index"":""access_source_visit_uv"",""item_list"":[]},{""index"":""access_staytime_info"",""item_list"":[]},{""index"":""access_depth_info"",""item_list"":[]}]",20190910
lNKvGG0BuyEw7tbzScSH,"wechat_aggregate",,wx,VISITDISTRIBUTION,wxf2853b97771b5d0a,"miniapp-feili","September 9th 2019, 08:00:00.000","September 9th 2019, 08:00:00.000",DAILY,,,"[{""index"":""access_source_session_cnt"",""item_list"":[]},{""index"":""access_source_visit_uv"",""item_list"":[]},{""index"":""access_staytime_info"",""item_list"":[]},{""index"":""access_depth_info"",""item_list"":[]}]",20190909
"KfSIE20BIw_XuURM7hr7","wechat_aggregate",,wx,VISITDISTRIBUTION,wxf2853b97771b5d0a,"miniapp-feili","September 8th 2019, 08:00:00.000","September 8th 2019, 08:00:00.000",DAILY,,,"[{""index"":""access_source_session_cnt"",""item_list"":[]},{""index"":""access_source_visit_uv"",""item_list"":[]},{""index"":""access_staytime_info"",""item_list"":[]},{""index"":""access_depth_info"",""item_list"":[]}]",20190908
H89iDm0BuyEw7tbzj9Ur,"wechat_aggregate",,wx,VISITDISTRIBUTION,wxf2853b97771b5d0a,"miniapp-feili","September 7th 2019, 08:00:00.000","September 7th 2019, 08:00:00.000",DAILY,,,"[{""index"":""access_source_session_cnt"",""item_list"":[]},{""index"":""access_source_visit_uv"",""item_list"":[]},{""index"":""access_staytime_info"",""item_list"":[]},{""index"":""access_depth_info"",""item_list"":[]}]",20190907
"EfA8CW0BIw_XuURMNfDi","wechat_aggregate",,wx,VISITDISTRIBUTION,wxf2853b97771b5d0a,"miniapp-feili","September 6th 2019, 08:00:00.000","September 6th 2019, 08:00:00.000",DAILY,,,"[{""index"":""access_source_session_cnt"",""item_list"":[]},{""index"":""access_source_visit_uv"",""item_list"":[]},{""index"":""access_staytime_info"",""item_list"":[]},{""index"":""access_depth_info"",""item_list"":[]}]",20190906
tswVBG0BuyEw7tbz2uwe,"wechat_aggregate",,wx,VISITDISTRIBUTION,wxf2853b97771b5d0a,"miniapp-feili","September 5th 2019, 08:00:00.000","September 5th 2019, 08:00:00.000",DAILY,,,"[{""index"":""access_source_session_cnt"",""item_list"":[]},{""index"":""access_source_visit_uv"",""item_list"":[]},{""index"":""access_staytime_info"",""item_list"":[]},{""index"":""access_depth_info"",""item_list"":[]}]",20190905
"uu3v_mwBIw_XuURMhsQL","wechat_aggregate",,wx,VISITDISTRIBUTION,wxf2853b97771b5d0a,"miniapp-feili","September 4th 2019, 08:00:00.000","September 4th 2019, 08:00:00.000",DAILY,,,"[{""index"":""access_source_session_cnt"",""item_list"":[]},{""index"":""access_source_visit_uv"",""item_list"":[]},{""index"":""access_staytime_info"",""item_list"":[]},{""index"":""access_depth_info"",""item_list"":[]}]",20190904
"HezJ-WwBIw_XuURMJDuy","wechat_aggregate",,wx,VISITDISTRIBUTION,wxf2853b97771b5d0a,"miniapp-feili","September 3rd 2019, 08:00:00.000","September 3rd 2019, 08:00:00.000",DAILY,,,"[{""index"":""access_source_session_cnt"",""item_list"":[]},{""index"":""access_source_visit_uv"",""item_list"":[]},{""index"":""access_staytime_info"",""item_list"":[]},{""index"":""access_depth_info"",""item_list"":[]}]",20190903
"kuqi9GwBIw_XuURMx49Y","wechat_aggregate",,wx,VISITDISTRIBUTION,wxf2853b97771b5d0a,"miniapp-feili","September 2nd 2019, 08:00:00.000","September 2nd 2019, 08:00:00.000",DAILY,61503,"data not ready, please try later hint: [WHqZPA0404r234]",,
aMd872wBuyEw7tbzcQ2k,"wechat_aggregate",,wx,VISITDISTRIBUTION,wxf2853b97771b5d0a,"miniapp-feili","September 1st 2019, 08:00:00.000","September 1st 2019, 08:00:00.000",DAILY,,,"[{""index"":""access_source_session_cnt"",""item_list"":[]},{""index"":""access_source_visit_uv"",""item_list"":[]},{""index"":""access_staytime_info"",""item_list"":[]},{""index"":""access_depth_info"",""item_list"":[]}]",20190901
FcVW6mwBuyEw7tbzBoUY,"wechat_aggregate",,wx,VISITDISTRIBUTION,wxf2853b97771b5d0a,"miniapp-feili","August 31st 2019, 08:00:00.000","August 31st 2019, 08:00:00.000",DAILY,,,"[{""index"":""access_source_session_cnt"",""item_list"":[]},{""index"":""access_source_visit_uv"",""item_list"":[]},{""index"":""access_staytime_info"",""item_list"":[]},{""index"":""access_depth_info"",""item_list"":[]}]",20190831
EcMv5WwBuyEw7tbzrPw0,"wechat_aggregate",,wx,VISITDISTRIBUTION,wxf2853b97771b5d0a,"miniapp-feili","August 30th 2019, 08:00:00.000","August 30th 2019, 08:00:00.000",DAILY,,,"[{""index"":""access_source_session_cnt"",""item_list"":[]},{""index"":""access_source_visit_uv"",""item_list"":[]},{""index"":""access_staytime_info"",""item_list"":[]},{""index"":""access_depth_info"",""item_list"":[]}]",20190830
"_eQJ4GwBIw_XuURMThxX","wechat_aggregate",,wx,VISITDISTRIBUTION,wxf2853b97771b5d0a,"miniapp-feili","August 29th 2019, 08:00:00.000","August 29th 2019, 08:00:00.000",DAILY,,,"[{""index"":""access_source_session_cnt"",""item_list"":[{""key"":3,""value"":1}]},{""index"":""access_source_visit_uv"",""item_list"":[{""key"":3,""value"":1}]},{""index"":""access_staytime_info"",""item_list"":[{""key"":7,""value"":1}]},{""index"":""access_depth_info"",""item_list"":[{""key"":5,""value"":1}]}]",20190829
EcHi2mwBuyEw7tbz8QnG,"wechat_aggregate",,wx,VISITDISTRIBUTION,wxf2853b97771b5d0a,"miniapp-feili","August 28th 2019, 08:00:00.000","August 28th 2019, 08:00:00.000",DAILY,,,"[{""index"":""access_source_session_cnt"",""item_list"":[]},{""index"":""access_source_visit_uv"",""item_list"":[]},{""index"":""access_staytime_info"",""item_list"":[]},{""index"":""access_depth_info"",""item_list"":[]}]",20190828
2Si81WwBr6tb5kJtltd3,"wechat_aggregate",,wx,VISITDISTRIBUTION,wxf2853b97771b5d0a,"miniapp-feili","August 27th 2019, 08:00:00.000","August 27th 2019, 08:00:00.000",DAILY,,,"[{""index"":""access_source_session_cnt"",""item_list"":[]},{""index"":""access_source_visit_uv"",""item_list"":[]},{""index"":""access_staytime_info"",""item_list"":[]},{""index"":""access_depth_info"",""item_list"":[]}]",20190827
"Br-W0GwBuyEw7tbzOCf7","wechat_aggregate",,wx,VISITDISTRIBUTION,wxf2853b97771b5d0a,"miniapp-feili","August 26th 2019, 08:00:00.000","August 26th 2019, 08:00:00.000",DAILY,,,"[{""index"":""access_source_session_cnt"",""item_list"":[]},{""index"":""access_source_visit_uv"",""item_list"":[]},{""index"":""access_staytime_info"",""item_list"":[]},{""index"":""access_depth_info"",""item_list"":[]}]",20190826
o75vy2wBuyEw7tbz3h4C,"wechat_aggregate",,wx,VISITDISTRIBUTION,wxf2853b97771b5d0a,"miniapp-feili","August 25th 2019, 08:00:00.000","August 25th 2019, 08:00:00.000",DAILY,,,"[{""index"":""access_source_session_cnt"",""item_list"":[]},{""index"":""access_source_visit_uv"",""item_list"":[]},{""index"":""access_staytime_info"",""item_list"":[]},{""index"":""access_depth_info"",""item_list"":[]}]",20190825
lb1JxmwBuyEw7tbzgggS,"wechat_aggregate",,wx,VISITDISTRIBUTION,wxf2853b97771b5d0a,"miniapp-feili","August 24th 2019, 08:00:00.000","August 24th 2019, 08:00:00.000",DAILY,,,"[{""index"":""access_source_session_cnt"",""item_list"":[]},{""index"":""access_source_visit_uv"",""item_list"":[]},{""index"":""access_staytime_info"",""item_list"":[]},{""index"":""access_depth_info"",""item_list"":[]}]",20190824
DvYjwWwBr6tb5kJtJiFm,"wechat_aggregate",,wx,VISITDISTRIBUTION,wxf2853b97771b5d0a,"miniapp-feili","August 23rd 2019, 08:00:00.000","August 23rd 2019, 08:00:00.000",DAILY,,,"[{""index"":""access_source_session_cnt"",""item_list"":[]},{""index"":""access_source_visit_uv"",""item_list"":[]},{""index"":""access_staytime_info"",""item_list"":[]},{""index"":""access_depth_info"",""item_list"":[]}]",20190823
sbr8u2wBuyEw7tbzy91j,"wechat_aggregate",,wx,VISITDISTRIBUTION,wxf2853b97771b5d0a,"miniapp-feili","August 22nd 2019, 08:00:00.000","August 22nd 2019, 08:00:00.000",DAILY,,,"[{""index"":""access_source_session_cnt"",""item_list"":[]},{""index"":""access_source_visit_uv"",""item_list"":[]},{""index"":""access_staytime_info"",""item_list"":[]},{""index"":""access_depth_info"",""item_list"":[]}]",20190822
"46ewsWwBIw_XuURME7py","wechat_aggregate",,wx,VISITDISTRIBUTION,wxf2853b97771b5d0a,"miniapp-feili","August 20th 2019, 08:00:00.000","August 20th 2019, 08:00:00.000",DAILY,,,"[{""index"":""access_source_session_cnt"",""item_list"":[]},{""index"":""access_source_visit_uv"",""item_list"":[]},{""index"":""access_staytime_info"",""item_list"":[]},{""index"":""access_depth_info"",""item_list"":[]}]",20190820
Q0qJrGwBr6tb5kJttuaj,"wechat_aggregate",,wx,VISITDISTRIBUTION,wxf2853b97771b5d0a,"miniapp-feili","August 19th 2019, 08:00:00.000","August 19th 2019, 08:00:00.000",DAILY,,,"[{""index"":""access_source_session_cnt"",""item_list"":[]},{""index"":""access_source_visit_uv"",""item_list"":[]},{""index"":""access_staytime_info"",""item_list"":[]},{""index"":""access_depth_info"",""item_list"":[]}]",20190819
"iPZjp2wBuyEw7tbzW9I_","wechat_aggregate",,wx,VISITDISTRIBUTION,wxf2853b97771b5d0a,"miniapp-feili","August 18th 2019, 08:00:00.000","August 18th 2019, 08:00:00.000",DAILY,,,"[{""index"":""access_source_session_cnt"",""item_list"":[]},{""index"":""access_source_visit_uv"",""item_list"":[]},{""index"":""access_staytime_info"",""item_list"":[]},{""index"":""access_depth_info"",""item_list"":[]}]",20190818
"vK88omwBuyEw7tbz_s5k","wechat_aggregate",,wx,VISITDISTRIBUTION,wxf2853b97771b5d0a,"miniapp-feili","August 17th 2019, 08:00:00.000","August 17th 2019, 08:00:00.000",DAILY,,,"[{""index"":""access_source_session_cnt"",""item_list"":[]},{""index"":""access_source_visit_uv"",""item_list"":[]},{""index"":""access_staytime_info"",""item_list"":[]},{""index"":""access_depth_info"",""item_list"":[]}]",20190817
XmgWnWwBuyEw7tbzouL9,"wechat_aggregate",,wx,VISITDISTRIBUTION,wxf2853b97771b5d0a,"miniapp-feili","August 16th 2019, 08:00:00.000","August 16th 2019, 08:00:00.000",DAILY,,,"[{""index"":""access_source_session_cnt"",""item_list"":[]},{""index"":""access_source_visit_uv"",""item_list"":[]},{""index"":""access_staytime_info"",""item_list"":[]},{""index"":""access_depth_info"",""item_list"":[]}]",20190816
"VkHwl2wBIw_XuURMRy5H","wechat_aggregate",,wx,VISITDISTRIBUTION,wxf2853b97771b5d0a,"miniapp-feili","August 15th 2019, 08:00:00.000","August 15th 2019, 08:00:00.000",DAILY,,,"[{""index"":""access_source_session_cnt"",""item_list"":[]},{""index"":""access_source_visit_uv"",""item_list"":[]},{""index"":""access_staytime_info"",""item_list"":[]},{""index"":""access_depth_info"",""item_list"":[]}]",20190815
J9rJkmwBuyEw7tbz7XmL,"wechat_aggregate",,wx,VISITDISTRIBUTION,wxf2853b97771b5d0a,"miniapp-feili","August 14th 2019, 08:00:00.000","August 14th 2019, 08:00:00.000",DAILY,,,"[{""index"":""access_source_session_cnt"",""item_list"":[{""key"":36,""value"":1}]},{""index"":""access_source_visit_uv"",""item_list"":[{""key"":36,""value"":1}]},{""index"":""access_staytime_info"",""item_list"":[{""key"":7,""value"":1}]},{""index"":""access_depth_info"",""item_list"":[{""key"":2,""value"":1}]}]",20190814
CpCjjWwBuyEw7tbzklsY,"wechat_aggregate",,wx,VISITDISTRIBUTION,wxf2853b97771b5d0a,"miniapp-feili","August 13th 2019, 08:00:00.000","August 13th 2019, 08:00:00.000",DAILY,,,"[{""index"":""access_source_session_cnt"",""item_list"":[]},{""index"":""access_source_visit_uv"",""item_list"":[]},{""index"":""access_staytime_info"",""item_list"":[]},{""index"":""access_depth_info"",""item_list"":[]}]",20190813
3kV9iGwBuyEw7tbzOBus,"wechat_aggregate",,wx,VISITDISTRIBUTION,wxf2853b97771b5d0a,"miniapp-feili","August 12th 2019, 08:00:00.000","August 12th 2019, 08:00:00.000",DAILY,,,"[{""index"":""access_source_session_cnt"",""item_list"":[{""key"":1,""value"":1}]},{""index"":""access_source_visit_uv"",""item_list"":[{""key"":1,""value"":1}]},{""index"":""access_staytime_info"",""item_list"":[{""key"":7,""value"":1}]},{""index"":""access_depth_info"",""item_list"":[{""key"":3,""value"":1}]}]",20190812
Oq5Wg2wBr6tb5kJt3t7v,"wechat_aggregate",,wx,VISITDISTRIBUTION,wxf2853b97771b5d0a,"miniapp-feili","August 11th 2019, 08:00:00.000","August 11th 2019, 08:00:00.000",DAILY,,,"[{""index"":""access_source_session_cnt"",""item_list"":[]},{""index"":""access_source_visit_uv"",""item_list"":[]},{""index"":""access_staytime_info"",""item_list"":[]},{""index"":""access_depth_info"",""item_list"":[]}]",20190811
YqYwfmwBuyEw7tbzgJ36,"wechat_aggregate",,wx,VISITDISTRIBUTION,wxf2853b97771b5d0a,"miniapp-feili","August 10th 2019, 08:00:00.000","August 10th 2019, 08:00:00.000",DAILY,,,"[{""index"":""access_source_session_cnt"",""item_list"":[]},{""index"":""access_source_visit_uv"",""item_list"":[]},{""index"":""access_staytime_info"",""item_list"":[]},{""index"":""access_depth_info"",""item_list"":[]}]",20190810
"k_0KeWwBr6tb5kJtI8cu","wechat_aggregate",,wx,VISITDISTRIBUTION,wxf2853b97771b5d0a,"miniapp-feili","August 9th 2019, 08:00:00.000","August 9th 2019, 08:00:00.000",DAILY,,,"[{""index"":""access_source_session_cnt"",""item_list"":[{""key"":1,""value"":1}]},{""index"":""access_source_visit_uv"",""item_list"":[{""key"":1,""value"":1}]},{""index"":""access_staytime_info"",""item_list"":[{""key"":1,""value"":1}]},{""index"":""access_depth_info"",""item_list"":[{""key"":1,""value"":1}]}]",20190809
4Qbjc2wBuyEw7tbzyVey,"wechat_aggregate",,wx,VISITDISTRIBUTION,wxf2853b97771b5d0a,"miniapp-feili","August 8th 2019, 08:00:00.000","August 8th 2019, 08:00:00.000",DAILY,,,"[{""index"":""access_source_session_cnt"",""item_list"":[]},{""index"":""access_source_visit_uv"",""item_list"":[]},{""index"":""access_staytime_info"",""item_list"":[]},{""index"":""access_depth_info"",""item_list"":[]}]",20190808
J7O9bmwBuyEw7tbzatrK,"wechat_aggregate",,wx,VISITDISTRIBUTION,wxf2853b97771b5d0a,"miniapp-feili","August 7th 2019, 08:00:00.000","August 7th 2019, 08:00:00.000",DAILY,,,"[{""index"":""access_source_session_cnt"",""item_list"":[{""key"":29,""value"":2},{""key"":3,""value"":1},{""key"":2,""value"":1},{""key"":1,""value"":2}]},{""index"":""access_source_visit_uv"",""item_list"":[{""key"":29,""value"":2},{""key"":3,""value"":1},{""key"":2,""value"":1},{""key"":1,""value"":1}]},{""index"":""access_staytime_info"",""item_list"":[{""key"":8,""value"":1},{""key"":6,""value"":1},{""key"":5,""value"":1},{""key"":3,""value"":1},{""key"":1,""value"":2}]},{""index"":""access_depth_info"",""item_list"":[{""key"":3,""value"":1},{""key"":2,""value"":1},{""key"":1,""value"":4}]}]",20190807
"AXuXaWwBIw_XuURME-XA","wechat_aggregate",,wx,VISITDISTRIBUTION,wxf2853b97771b5d0a,"miniapp-feili","August 6th 2019, 08:00:00.000","August 6th 2019, 08:00:00.000",DAILY,,,"[{""index"":""access_source_session_cnt"",""item_list"":[{""key"":29,""value"":7},{""key"":10,""value"":1},{""key"":3,""value"":1},{""key"":2,""value"":1},{""key"":1,""value"":2}]},{""index"":""access_source_visit_uv"",""item_list"":[{""key"":29,""value"":4},{""key"":10,""value"":1},{""key"":3,""value"":1},{""key"":2,""value"":1},{""key"":1,""value"":2}]},{""index"":""access_staytime_info"",""item_list"":[{""key"":8,""value"":4},{""key"":6,""value"":2},{""key"":5,""value"":2},{""key"":4,""value"":1},{""key"":3,""value"":2},{""key"":1,""value"":1}]},{""index"":""access_depth_info"",""item_list"":[{""key"":5,""value"":2},{""key"":4,""value"":1},{""key"":3,""value"":3},{""key"":2,""value"":3},{""key"":1,""value"":3}]}]",20190806
kg1wZGwBuyEw7tbztxQT,"wechat_aggregate",,wx,VISITDISTRIBUTION,wxf2853b97771b5d0a,"miniapp-feili","August 5th 2019, 08:00:00.000","August 5th 2019, 08:00:00.000",DAILY,,,"[{""index"":""access_source_session_cnt"",""item_list"":[{""key"":29,""value"":7},{""key"":23,""value"":1},{""key"":3,""value"":1},{""key"":2,""value"":10}]},{""index"":""access_source_visit_uv"",""item_list"":[{""key"":29,""value"":1},{""key"":23,""value"":1},{""key"":3,""value"":1},{""key"":2,""value"":5}]},{""index"":""access_staytime_info"",""item_list"":[{""key"":8,""value"":6},{""key"":7,""value"":3},{""key"":5,""value"":1},{""key"":4,""value"":3},{""key"":3,""value"":3},{""key"":1,""value"":3}]},{""index"":""access_depth_info"",""item_list"":[{""key"":5,""value"":2},{""key"":4,""value"":3},{""key"":3,""value"":3},{""key"":2,""value"":3},{""key"":1,""value"":8}]}]",20190805
"k9tKX2wBIw_XuURMV-s9","wechat_aggregate",,wx,VISITDISTRIBUTION,wxf2853b97771b5d0a,"miniapp-feili","August 4th 2019, 08:00:00.000","August 4th 2019, 08:00:00.000",DAILY,,,"[{""index"":""access_source_session_cnt"",""item_list"":[]},{""index"":""access_source_visit_uv"",""item_list"":[]},{""index"":""access_staytime_info"",""item_list"":[]},{""index"":""access_depth_info"",""item_list"":[]}]",20190804
"cNkjWmwBr6tb5kJt_VJ6","wechat_aggregate",,wx,VISITDISTRIBUTION,wxf2853b97771b5d0a,"miniapp-feili","August 3rd 2019, 08:00:00.000","August 3rd 2019, 08:00:00.000",DAILY,,,"[{""index"":""access_source_session_cnt"",""item_list"":[]},{""index"":""access_source_visit_uv"",""item_list"":[]},{""index"":""access_staytime_info"",""item_list"":[]},{""index"":""access_depth_info"",""item_list"":[]}]",20190803
"7jn9VGwBIw_XuURMo3fV","wechat_aggregate",,wx,VISITDISTRIBUTION,wxf2853b97771b5d0a,"miniapp-feili","August 2nd 2019, 08:00:00.000","August 2nd 2019, 08:00:00.000",DAILY,,,"[{""index"":""access_source_session_cnt"",""item_list"":[{""key"":2,""value"":1}]},{""index"":""access_source_visit_uv"",""item_list"":[{""key"":2,""value"":1}]},{""index"":""access_staytime_info"",""item_list"":[{""key"":7,""value"":1}]},{""index"":""access_depth_info"",""item_list"":[{""key"":1,""value"":1}]}]",20190802
4sOKRWwBWWnJKdwat0JN,"wechat_aggregate",,wx,VISITDISTRIBUTION,wxf2853b97771b5d0a,"miniapp-feili","July 30th 2019, 08:00:00.000","July 30th 2019, 08:00:00.000",DAILY,,,"[{""index"":""access_source_session_cnt"",""item_list"":[{""key"":36,""value"":1},{""key"":29,""value"":3},{""key"":3,""value"":1},{""key"":1,""value"":1}]},{""index"":""access_source_visit_uv"",""item_list"":[{""key"":36,""value"":1},{""key"":29,""value"":2},{""key"":3,""value"":1},{""key"":1,""value"":1}]},{""index"":""access_staytime_info"",""item_list"":[{""key"":8,""value"":4},{""key"":7,""value"":1},{""key"":1,""value"":1}]},{""index"":""access_depth_info"",""item_list"":[{""key"":5,""value"":2},{""key"":3,""value"":1},{""key"":2,""value"":2},{""key"":1,""value"":1}]}]",20190730
"P-BkQGwBnkd77xBOL2CN","wechat_aggregate",,wx,VISITDISTRIBUTION,wxf2853b97771b5d0a,"miniapp-feili","July 29th 2019, 08:00:00.000","July 29th 2019, 08:00:00.000",DAILY,,,"[{""index"":""access_source_session_cnt"",""item_list"":[{""key"":29,""value"":6},{""key"":3,""value"":9},{""key"":2,""value"":1},{""key"":1,""value"":3}]},{""index"":""access_source_visit_uv"",""item_list"":[{""key"":29,""value"":1},{""key"":3,""value"":1},{""key"":2,""value"":1},{""key"":1,""value"":2}]},{""index"":""access_staytime_info"",""item_list"":[{""key"":8,""value"":2},{""key"":6,""value"":3},{""key"":5,""value"":2},{""key"":4,""value"":1},{""key"":3,""value"":6},{""key"":2,""value"":4},{""key"":1,""value"":1}]},{""index"":""access_depth_info"",""item_list"":[{""key"":3,""value"":5},{""key"":2,""value"":2},{""key"":1,""value"":12}]}]",20190729
iTg9O2wBWWnJKdwa1ckS,"wechat_aggregate",,wx,VISITDISTRIBUTION,wxf2853b97771b5d0a,"miniapp-feili","July 28th 2019, 08:00:00.000","July 28th 2019, 08:00:00.000",DAILY,,,"[{""index"":""access_source_session_cnt"",""item_list"":[]},{""index"":""access_source_visit_uv"",""item_list"":[]},{""index"":""access_staytime_info"",""item_list"":[]},{""index"":""access_depth_info"",""item_list"":[]}]",20190728
FIsXNmwBnkd77xBOdkSY,"wechat_aggregate",,wx,VISITDISTRIBUTION,wxf2853b97771b5d0a,"miniapp-feili","July 27th 2019, 08:00:00.000","July 27th 2019, 08:00:00.000",DAILY,,,"[{""index"":""access_source_session_cnt"",""item_list"":[]},{""index"":""access_source_visit_uv"",""item_list"":[]},{""index"":""access_staytime_info"",""item_list"":[]},{""index"":""access_depth_info"",""item_list"":[]}]",20190727
N9vxMGwBWWnJKdwaGZrc,"wechat_aggregate",,wx,VISITDISTRIBUTION,wxf2853b97771b5d0a,"miniapp-feili","July 26th 2019, 08:00:00.000","July 26th 2019, 08:00:00.000",DAILY,,,"[{""index"":""access_source_session_cnt"",""item_list"":[{""key"":29,""value"":2},{""key"":1,""value"":4}]},{""index"":""access_source_visit_uv"",""item_list"":[{""key"":29,""value"":2},{""key"":1,""value"":3}]},{""index"":""access_staytime_info"",""item_list"":[{""key"":8,""value"":4},{""key"":3,""value"":1},{""key"":1,""value"":1}]},{""index"":""access_depth_info"",""item_list"":[{""key"":5,""value"":1},{""key"":3,""value"":3},{""key"":2,""value"":1},{""key"":1,""value"":1}]}]",20190726
LC7KK2wBWWnJKdwawrWL,"wechat_aggregate",,wx,VISITDISTRIBUTION,wxf2853b97771b5d0a,"miniapp-feili","July 25th 2019, 08:00:00.000","July 25th 2019, 08:00:00.000",DAILY,,,"[{""index"":""access_source_session_cnt"",""item_list"":[{""key"":36,""value"":1},{""key"":29,""value"":3},{""key"":3,""value"":1}]},{""index"":""access_source_visit_uv"",""item_list"":[{""key"":36,""value"":1},{""key"":29,""value"":1},{""key"":3,""value"":1}]},{""index"":""access_staytime_info"",""item_list"":[{""key"":8,""value"":1},{""key"":7,""value"":1},{""key"":6,""value"":1},{""key"":4,""value"":1},{""key"":2,""value"":1}]},{""index"":""access_depth_info"",""item_list"":[{""key"":2,""value"":3},{""key"":1,""value"":2}]}]",20190725
QvekJmwBihWDInafY4ie,"wechat_aggregate",,wx,VISITDISTRIBUTION,wxf2853b97771b5d0a,"miniapp-feili","July 24th 2019, 08:00:00.000","July 24th 2019, 08:00:00.000",DAILY,,,"[{""index"":""access_source_session_cnt"",""item_list"":[{""key"":2,""value"":2},{""key"":1,""value"":1}]},{""index"":""access_source_visit_uv"",""item_list"":[{""key"":2,""value"":1},{""key"":1,""value"":1}]},{""index"":""access_staytime_info"",""item_list"":[{""key"":7,""value"":1},{""key"":4,""value"":2}]},{""index"":""access_depth_info"",""item_list"":[{""key"":5,""value"":1},{""key"":2,""value"":1},{""key"":1,""value"":1}]}]",20190724
"pql-IWwBihWDInafBgW-","wechat_aggregate",,wx,VISITDISTRIBUTION,wxf2853b97771b5d0a,"miniapp-feili","July 23rd 2019, 08:00:00.000","July 23rd 2019, 08:00:00.000",DAILY,,,"[{""index"":""access_source_session_cnt"",""item_list"":[{""key"":29,""value"":1},{""key"":10,""value"":1},{""key"":1,""value"":1}]},{""index"":""access_source_visit_uv"",""item_list"":[{""key"":29,""value"":1},{""key"":10,""value"":1},{""key"":1,""value"":1}]},{""index"":""access_staytime_info"",""item_list"":[{""key"":7,""value"":1},{""key"":5,""value"":1},{""key"":1,""value"":1}]},{""index"":""access_depth_info"",""item_list"":[{""key"":3,""value"":1},{""key"":2,""value"":1},{""key"":1,""value"":1}]}]",20190723
M09XHGwBnkd77xBOquPA,"wechat_aggregate",,wx,VISITDISTRIBUTION,wxf2853b97771b5d0a,"miniapp-feili","July 22nd 2019, 08:00:00.000","July 22nd 2019, 08:00:00.000",DAILY,,,"[{""index"":""access_source_session_cnt"",""item_list"":[{""key"":36,""value"":2},{""key"":29,""value"":1},{""key"":1,""value"":1}]},{""index"":""access_source_visit_uv"",""item_list"":[{""key"":36,""value"":1},{""key"":29,""value"":1},{""key"":1,""value"":1}]},{""index"":""access_staytime_info"",""item_list"":[{""key"":8,""value"":1},{""key"":7,""value"":1},{""key"":6,""value"":1},{""key"":1,""value"":1}]},{""index"":""access_depth_info"",""item_list"":[{""key"":4,""value"":1},{""key"":2,""value"":2},{""key"":1,""value"":1}]}]",20190722
PB0xF2wBihWDInafT1pW,"wechat_aggregate",,wx,VISITDISTRIBUTION,wxf2853b97771b5d0a,"miniapp-feili","July 21st 2019, 08:00:00.000","July 21st 2019, 08:00:00.000",DAILY,,,"[{""index"":""access_source_session_cnt"",""item_list"":[]},{""index"":""access_source_visit_uv"",""item_list"":[]},{""index"":""access_staytime_info"",""item_list"":[]},{""index"":""access_depth_info"",""item_list"":[]}]",20190721
NNkKEmwBihWDInaf8xMz,"wechat_aggregate",,wx,VISITDISTRIBUTION,wxf2853b97771b5d0a,"miniapp-feili","July 20th 2019, 08:00:00.000","July 20th 2019, 08:00:00.000",DAILY,,,"[{""index"":""access_source_session_cnt"",""item_list"":[{""key"":3,""value"":1}]},{""index"":""access_source_visit_uv"",""item_list"":[{""key"":3,""value"":1}]},{""index"":""access_staytime_info"",""item_list"":[{""key"":6,""value"":1}]},{""index"":""access_depth_info"",""item_list"":[{""key"":2,""value"":1}]}]",20190720
BZLkDGwBihWDInafmas3,"wechat_aggregate",,wx,VISITDISTRIBUTION,wxf2853b97771b5d0a,"miniapp-feili","July 19th 2019, 08:00:00.000","July 19th 2019, 08:00:00.000",DAILY,,,"[{""index"":""access_source_session_cnt"",""item_list"":[{""key"":29,""value"":8},{""key"":23,""value"":1},{""key"":3,""value"":1},{""key"":2,""value"":2}]},{""index"":""access_source_visit_uv"",""item_list"":[{""key"":29,""value"":2},{""key"":23,""value"":1},{""key"":3,""value"":1},{""key"":2,""value"":2}]},{""index"":""access_staytime_info"",""item_list"":[{""key"":8,""value"":4},{""key"":7,""value"":1},{""key"":6,""value"":2},{""key"":4,""value"":1},{""key"":3,""value"":1},{""key"":2,""value"":2},{""key"":1,""value"":1}]},{""index"":""access_depth_info"",""item_list"":[{""key"":4,""value"":3},{""key"":2,""value"":7},{""key"":1,""value"":2}]}]",20190719
"Jzu-B2wBnkd77xBOO0bW","wechat_aggregate",,wx,VISITDISTRIBUTION,wxf2853b97771b5d0a,"miniapp-feili","July 18th 2019, 08:00:00.000","July 18th 2019, 08:00:00.000",DAILY,,,"[{""index"":""access_source_session_cnt"",""item_list"":[{""key"":35,""value"":1},{""key"":29,""value"":11},{""key"":16,""value"":2},{""key"":3,""value"":14},{""key"":2,""value"":5},{""key"":23,""value"":3},{""key"":1,""value"":1}]},{""index"":""access_source_visit_uv"",""item_list"":[{""key"":35,""value"":1},{""key"":29,""value"":5},{""key"":16,""value"":2},{""key"":3,""value"":7},{""key"":2,""value"":3},{""key"":23,""value"":1},{""key"":1,""value"":1}]},{""index"":""access_staytime_info"",""item_list"":[{""key"":8,""value"":6},{""key"":7,""value"":6},{""key"":6,""value"":3},{""key"":5,""value"":4},{""key"":4,""value"":5},{""key"":3,""value"":6},{""key"":2,""value"":5},{""key"":1,""value"":2}]},{""index"":""access_depth_info"",""item_list"":[{""key"":5,""value"":1},{""key"":4,""value"":7},{""key"":3,""value"":7},{""key"":2,""value"":7},{""key"":1,""value"":15}]}]",20190718
xPWXAmwBnkd77xBO4NMq,"wechat_aggregate",,wx,VISITDISTRIBUTION,wxf2853b97771b5d0a,"miniapp-feili","July 17th 2019, 08:00:00.000","July 17th 2019, 08:00:00.000",DAILY,,,"[{""index"":""access_source_session_cnt"",""item_list"":[{""key"":36,""value"":1},{""key"":29,""value"":21},{""key"":23,""value"":1},{""key"":3,""value"":20},{""key"":2,""value"":5}]},{""index"":""access_source_visit_uv"",""item_list"":[{""key"":36,""value"":1},{""key"":29,""value"":4},{""key"":23,""value"":1},{""key"":3,""value"":4},{""key"":2,""value"":3}]},{""index"":""access_staytime_info"",""item_list"":[{""key"":8,""value"":5},{""key"":7,""value"":8},{""key"":6,""value"":5},{""key"":5,""value"":3},{""key"":4,""value"":5},{""key"":3,""value"":6},{""key"":2,""value"":7},{""key"":1,""value"":9}]},{""index"":""access_depth_info"",""item_list"":[{""key"":5,""value"":1},{""key"":4,""value"":4},{""key"":3,""value"":5},{""key"":2,""value"":12},{""key"":1,""value"":26}]}]",20190717
"gcNx_WsBihWDInafhb5E","wechat_aggregate",,wx,VISITDISTRIBUTION,wxf2853b97771b5d0a,"miniapp-feili","July 16th 2019, 08:00:00.000","July 16th 2019, 08:00:00.000",DAILY,,,"[{""index"":""access_source_session_cnt"",""item_list"":[{""key"":29,""value"":2},{""key"":10,""value"":3},{""key"":3,""value"":4},{""key"":2,""value"":3},{""key"":1,""value"":1}]},{""index"":""access_source_visit_uv"",""item_list"":[{""key"":29,""value"":2},{""key"":10,""value"":2},{""key"":3,""value"":2},{""key"":2,""value"":2},{""key"":1,""value"":1}]},{""index"":""access_staytime_info"",""item_list"":[{""key"":8,""value"":3},{""key"":7,""value"":1},{""key"":6,""value"":2},{""key"":5,""value"":2},{""key"":4,""value"":2},{""key"":2,""value"":1},{""key"":1,""value"":2}]},{""index"":""access_depth_info"",""item_list"":[{""key"":5,""value"":1},{""key"":4,""value"":1},{""key"":3,""value"":4},{""key"":2,""value"":3},{""key"":1,""value"":4}]}]",20190716
"feJL-GsBWWnJKdwaKHTg","wechat_aggregate",,wx,VISITDISTRIBUTION,wxf2853b97771b5d0a,"miniapp-feili","July 15th 2019, 08:00:00.000","July 15th 2019, 08:00:00.000",DAILY,,,"[{""index"":""access_source_session_cnt"",""item_list"":[{""key"":29,""value"":3},{""key"":10,""value"":1},{""key"":3,""value"":6},{""key"":2,""value"":3},{""key"":23,""value"":1},{""key"":1,""value"":5}]},{""index"":""access_source_visit_uv"",""item_list"":[{""key"":29,""value"":1},{""key"":10,""value"":1},{""key"":3,""value"":5},{""key"":2,""value"":2},{""key"":23,""value"":1},{""key"":1,""value"":2}]},{""index"":""access_staytime_info"",""item_list"":[{""key"":8,""value"":7},{""key"":6,""value"":2},{""key"":4,""value"":4},{""key"":3,""value"":4},{""key"":2,""value"":2}]},{""index"":""access_depth_info"",""item_list"":[{""key"":4,""value"":3},{""key"":3,""value"":4},{""key"":2,""value"":4},{""key"":1,""value"":8}]}]",20190715
"-jYk82sBnkd77xBO1SsA","wechat_aggregate",,wx,VISITDISTRIBUTION,wxf2853b97771b5d0a,"miniapp-feili","July 14th 2019, 08:00:00.000","July 14th 2019, 08:00:00.000",DAILY,,,"[{""index"":""access_source_session_cnt"",""item_list"":[]},{""index"":""access_source_visit_uv"",""item_list"":[]},{""index"":""access_staytime_info"",""item_list"":[]},{""index"":""access_depth_info"",""item_list"":[]}]",20190714
"QGD-7WsBWWnJKdwabx6W","wechat_aggregate",,wx,VISITDISTRIBUTION,wxf2853b97771b5d0a,"miniapp-feili","July 13th 2019, 08:00:00.000","July 13th 2019, 08:00:00.000",DAILY,,,"[{""index"":""access_source_session_cnt"",""item_list"":[{""key"":36,""value"":1},{""key"":29,""value"":1}]},{""index"":""access_source_visit_uv"",""item_list"":[{""key"":36,""value"":1},{""key"":29,""value"":1}]},{""index"":""access_staytime_info"",""item_list"":[{""key"":8,""value"":1},{""key"":4,""value"":1}]},{""index"":""access_depth_info"",""item_list"":[{""key"":4,""value"":1},{""key"":3,""value"":1}]}]",20190713
7BDY6GsBWWnJKdwaGz7P,"wechat_aggregate",,wx,VISITDISTRIBUTION,wxf2853b97771b5d0a,"miniapp-feili","July 12th 2019, 08:00:00.000","July 12th 2019, 08:00:00.000",DAILY,,,"[{""index"":""access_source_session_cnt"",""item_list"":[{""key"":36,""value"":1},{""key"":29,""value"":12},{""key"":4,""value"":5},{""key"":3,""value"":3},{""key"":2,""value"":1},{""key"":23,""value"":1},{""key"":1,""value"":2}]},{""index"":""access_source_visit_uv"",""item_list"":[{""key"":36,""value"":1},{""key"":29,""value"":4},{""key"":4,""value"":4},{""key"":3,""value"":2},{""key"":2,""value"":1},{""key"":23,""value"":1},{""key"":1,""value"":2}]},{""index"":""access_staytime_info"",""item_list"":[{""key"":8,""value"":3},{""key"":7,""value"":4},{""key"":6,""value"":1},{""key"":5,""value"":3},{""key"":4,""value"":4},{""key"":3,""value"":4},{""key"":2,""value"":2},{""key"":1,""value"":4}]},{""index"":""access_depth_info"",""item_list"":[{""key"":4,""value"":7},{""key"":3,""value"":5},{""key"":2,""value"":3},{""key"":1,""value"":10}]}]",20190712
YLKx42sBnkd77xBOuiaF,"wechat_aggregate",,wx,VISITDISTRIBUTION,wxf2853b97771b5d0a,"miniapp-feili","July 11th 2019, 08:00:00.000","July 11th 2019, 08:00:00.000",DAILY,,,"[{""index"":""access_source_session_cnt"",""item_list"":[{""key"":36,""value"":5},{""key"":17,""value"":1},{""key"":29,""value"":7},{""key"":16,""value"":2},{""key"":4,""value"":4},{""key"":3,""value"":27},{""key"":2,""value"":1},{""key"":23,""value"":1},{""key"":1,""value"":1}]},{""index"":""access_source_visit_uv"",""item_list"":[{""key"":36,""value"":1},{""key"":17,""value"":1},{""key"":29,""value"":2},{""key"":16,""value"":2},{""key"":4,""value"":2},{""key"":3,""value"":6},{""key"":2,""value"":1},{""key"":23,""value"":1},{""key"":1,""value"":1}]},{""index"":""access_staytime_info"",""item_list"":[{""key"":7,""value"":2},{""key"":6,""value"":3},{""key"":5,""value"":4},{""key"":4,""value"":9},{""key"":3,""value"":5},{""key"":2,""value"":14},{""key"":1,""value"":12}]},{""index"":""access_depth_info"",""item_list"":[{""key"":5,""value"":1},{""key"":4,""value"":9},{""key"":3,""value"":2},{""key"":2,""value"":3},{""key"":1,""value"":34}]}]",20190711
WYSL3msBihWDInafXnTe,"wechat_aggregate",,wx,VISITDISTRIBUTION,wxf2853b97771b5d0a,"miniapp-feili","July 10th 2019, 08:00:00.000","July 10th 2019, 08:00:00.000",DAILY,,,"[{""index"":""access_source_session_cnt"",""item_list"":[{""key"":36,""value"":2},{""key"":29,""value"":16},{""key"":3,""value"":12},{""key"":2,""value"":2},{""key"":23,""value"":2},{""key"":1,""value"":4}]},{""index"":""access_source_visit_uv"",""item_list"":[{""key"":36,""value"":1},{""key"":29,""value"":6},{""key"":3,""value"":6},{""key"":2,""value"":2},{""key"":23,""value"":2},{""key"":1,""value"":2}]},{""index"":""access_staytime_info"",""item_list"":[{""key"":8,""value"":6},{""key"":7,""value"":6},{""key"":5,""value"":3},{""key"":4,""value"":3},{""key"":3,""value"":8},{""key"":2,""value"":8},{""key"":1,""value"":4}]},{""index"":""access_depth_info"",""item_list"":[{""key"":5,""value"":1},{""key"":4,""value"":9},{""key"":3,""value"":7},{""key"":2,""value"":5},{""key"":1,""value"":16}]}]",20190710
v51l2WsBihWDInafABnh,"wechat_aggregate",,wx,VISITDISTRIBUTION,wxf2853b97771b5d0a,"miniapp-feili","July 9th 2019, 08:00:00.000","July 9th 2019, 08:00:00.000",DAILY,,,"[{""index"":""access_source_session_cnt"",""item_list"":[{""key"":36,""value"":3},{""key"":29,""value"":8},{""key"":3,""value"":1},{""key"":2,""value"":1},{""key"":23,""value"":1},{""key"":1,""value"":3}]},{""index"":""access_source_visit_uv"",""item_list"":[{""key"":36,""value"":2},{""key"":29,""value"":2},{""key"":3,""value"":1},{""key"":2,""value"":1},{""key"":23,""value"":1},{""key"":1,""value"":2}]},{""index"":""access_staytime_info"",""item_list"":[{""key"":8,""value"":4},{""key"":7,""value"":3},{""key"":6,""value"":1},{""key"":5,""value"":3},{""key"":4,""value"":3},{""key"":3,""value"":2},{""key"":2,""value"":1}]},{""index"":""access_depth_info"",""item_list"":[{""key"":4,""value"":3},{""key"":3,""value"":4},{""key"":2,""value"":3},{""key"":1,""value"":7}]}]",20190709
"od8-1GsBnkd77xBOqlhF","wechat_aggregate",,wx,VISITDISTRIBUTION,wxf2853b97771b5d0a,"miniapp-feili","July 8th 2019, 08:00:00.000","July 8th 2019, 08:00:00.000",DAILY,,,"[{""index"":""access_source_session_cnt"",""item_list"":[{""key"":36,""value"":1},{""key"":29,""value"":2},{""key"":16,""value"":2},{""key"":3,""value"":6},{""key"":2,""value"":3},{""key"":1,""value"":1}]},{""index"":""access_source_visit_uv"",""item_list"":[{""key"":36,""value"":1},{""key"":29,""value"":2},{""key"":16,""value"":2},{""key"":3,""value"":4},{""key"":2,""value"":2},{""key"":1,""value"":1}]},{""index"":""access_staytime_info"",""item_list"":[{""key"":8,""value"":3},{""key"":7,""value"":2},{""key"":6,""value"":1},{""key"":4,""value"":2},{""key"":3,""value"":4},{""key"":2,""value"":2},{""key"":1,""value"":1}]},{""index"":""access_depth_info"",""item_list"":[{""key"":5,""value"":2},{""key"":2,""value"":8},{""key"":1,""value"":5}]}]",20190708
HGQYz2sBihWDInafSUM9,"wechat_aggregate",,wx,VISITDISTRIBUTION,wxf2853b97771b5d0a,"miniapp-feili","July 7th 2019, 08:00:00.000","July 7th 2019, 08:00:00.000",DAILY,,,"[{""index"":""access_source_session_cnt"",""item_list"":[{""key"":36,""value"":2},{""key"":35,""value"":1},{""key"":29,""value"":1},{""key"":3,""value"":11},{""key"":2,""value"":1}]},{""index"":""access_source_visit_uv"",""item_list"":[{""key"":36,""value"":1},{""key"":35,""value"":1},{""key"":29,""value"":1},{""key"":3,""value"":11},{""key"":2,""value"":1}]},{""index"":""access_staytime_info"",""item_list"":[{""key"":8,""value"":3},{""key"":7,""value"":1},{""key"":4,""value"":2},{""key"":3,""value"":5},{""key"":2,""value"":4},{""key"":1,""value"":1}]},{""index"":""access_depth_info"",""item_list"":[{""key"":4,""value"":1},{""key"":3,""value"":4},{""key"":2,""value"":1},{""key"":1,""value"":10}]}]",20190707
EmnxyWsBWWnJKdwa7V9k,"wechat_aggregate",,wx,VISITDISTRIBUTION,wxf2853b97771b5d0a,"miniapp-feili","July 6th 2019, 08:00:00.000","July 6th 2019, 08:00:00.000",DAILY,,,"[{""index"":""access_source_session_cnt"",""item_list"":[{""key"":29,""value"":6},{""key"":16,""value"":11},{""key"":3,""value"":26},{""key"":23,""value"":3},{""key"":1,""value"":10}]},{""index"":""access_source_visit_uv"",""item_list"":[{""key"":29,""value"":4},{""key"":16,""value"":10},{""key"":3,""value"":13},{""key"":23,""value"":3},{""key"":1,""value"":3}]},{""index"":""access_staytime_info"",""item_list"":[{""key"":8,""value"":12},{""key"":7,""value"":6},{""key"":6,""value"":4},{""key"":5,""value"":4},{""key"":4,""value"":7},{""key"":3,""value"":14},{""key"":2,""value"":6},{""key"":1,""value"":3}]},{""index"":""access_depth_info"",""item_list"":[{""key"":5,""value"":1},{""key"":4,""value"":8},{""key"":3,""value"":11},{""key"":2,""value"":10},{""key"":1,""value"":26}]}]",20190706
ddjLxGsBihWDInafj4st,"wechat_aggregate",,wx,VISITDISTRIBUTION,wxf2853b97771b5d0a,"miniapp-feili","July 5th 2019, 08:00:00.000","July 5th 2019, 08:00:00.000",DAILY,,,"[{""index"":""access_source_session_cnt"",""item_list"":[{""key"":29,""value"":60},{""key"":16,""value"":80},{""key"":36,""value"":1},{""key"":10,""value"":1},{""key"":8,""value"":3},{""key"":4,""value"":2},{""key"":3,""value"":170},{""key"":2,""value"":3},{""key"":23,""value"":9},{""key"":1,""value"":13}]},{""index"":""access_source_visit_uv"",""item_list"":[{""key"":29,""value"":13},{""key"":16,""value"":68},{""key"":36,""value"":1},{""key"":10,""value"":1},{""key"":8,""value"":3},{""key"":4,""value"":2},{""key"":3,""value"":62},{""key"":2,""value"":3},{""key"":23,""value"":5},{""key"":1,""value"":7}]},{""index"":""access_staytime_info"",""item_list"":[{""key"":8,""value"":63},{""key"":7,""value"":44},{""key"":6,""value"":28},{""key"":5,""value"":28},{""key"":4,""value"":43},{""key"":3,""value"":75},{""key"":2,""value"":45},{""key"":1,""value"":16}]},{""index"":""access_depth_info"",""item_list"":[{""key"":6,""value"":7},{""key"":5,""value"":15},{""key"":4,""value"":32},{""key"":3,""value"":60},{""key"":2,""value"":56},{""key"":1,""value"":172}]}]",20190705
